,Toneladas Abastecidas,Cd_Planta,Planta,Dirección_,Ciudad_,X,Y
0,46.562,10840,AOUN OJEDA LEILA LETICIA E.I.R.L.,Pugueñun Pihuio,Ancud,-73.699365,-41.821942
1,773.46,10754,BLUE SHELL S.A.,Parcela 2 Teguel Costero S N,Dalcahue,-73.6344444444445,-42.3697222222222
2,438.25,10754,BLUE SHELL S.A.,Parcela 2 Teguel Costero S N,Dalcahue,-73.6344444444445,-42.3697222222222
3,477.59,10754,BLUE SHELL S.A.,Parcela 2 Teguel Costero S N,Dalcahue,-73.6344444444445,-42.3697222222222
4,228.63,10754,BLUE SHELL S.A.,Parcela 2 Teguel Costero S N,Dalcahue,-73.6344444444445,-42.3697222222222
5,75.03,10754,BLUE SHELL S.A.,Parcela 2 Teguel Costero S N,Dalcahue,-73.6344444444445,-42.3697222222222
6,351.31,10754,BLUE SHELL S.A.,Parcela 2 Teguel Costero S N,Dalcahue,-73.6344444444445,-42.3697222222222
7,32.18,10754,BLUE SHELL S.A.,Parcela 2 Teguel Costero S N,Dalcahue,-73.6344444444445,-42.3697222222222
8,393.4,10754,BLUE SHELL S.A.,Parcela 2 Teguel Costero S N,Dalcahue,-73.6344444444445,-42.3697222222222
9,113.26,10754,BLUE SHELL S.A.,Parcela 2 Teguel Costero S N,Dalcahue,-73.6344444444445,-42.3697222222222
10,37.85,10754,BLUE SHELL S.A.,Parcela 2 Teguel Costero S N,Dalcahue,-73.6344444444445,-42.3697222222222
11,635.34,10754,BLUE SHELL S.A.,Parcela 2 Teguel Costero S N,Dalcahue,-73.6344444444445,-42.3697222222222
12,33.980000000000004,10754,BLUE SHELL S.A.,Parcela 2 Teguel Costero S N,Dalcahue,-73.6344444444445,-42.3697222222222
13,126.73,10754,BLUE SHELL S.A.,Parcela 2 Teguel Costero S N,Dalcahue,-73.6344444444445,-42.3697222222222
14,242.22,10754,BLUE SHELL S.A.,Parcela 2 Teguel Costero S N,Dalcahue,-73.6344444444445,-42.3697222222222
15,500.165,10754,BLUE SHELL S.A.,Parcela 2 Teguel Costero S N,Dalcahue,-73.6344444444445,-42.3697222222222
16,78.0,10754,BLUE SHELL S.A.,Parcela 2 Teguel Costero S N,Dalcahue,-73.6344444444445,-42.3697222222222
17,450.77,10754,BLUE SHELL S.A.,Parcela 2 Teguel Costero S N,Dalcahue,-73.6344444444445,-42.3697222222222
18,25.4,10754,BLUE SHELL S.A.,Parcela 2 Teguel Costero S N,Dalcahue,-73.6344444444445,-42.3697222222222
19,228.67,10754,BLUE SHELL S.A.,Parcela 2 Teguel Costero S N,Dalcahue,-73.6344444444445,-42.3697222222222
20,167.42,10754,BLUE SHELL S.A.,Parcela 2 Teguel Costero S N,Dalcahue,-73.6344444444445,-42.3697222222222
21,189.3,10754,BLUE SHELL S.A.,Parcela 2 Teguel Costero S N,Dalcahue,-73.6344444444445,-42.3697222222222
22,356.82,10754,BLUE SHELL S.A.,Parcela 2 Teguel Costero S N,Dalcahue,-73.6344444444445,-42.3697222222222
23,152.46,10754,BLUE SHELL S.A.,Parcela 2 Teguel Costero S N,Dalcahue,-73.6344444444445,-42.3697222222222
24,376.09000000000003,10754,BLUE SHELL S.A.,Parcela 2 Teguel Costero S N,Dalcahue,-73.6344444444445,-42.3697222222222
25,355.28000000000003,10754,BLUE SHELL S.A.,Parcela 2 Teguel Costero S N,Dalcahue,-73.6344444444445,-42.3697222222222
26,2236.25,10754,BLUE SHELL S.A.,Parcela 2 Teguel Costero S N,Dalcahue,-73.6344444444445,-42.3697222222222
27,380.56,10754,BLUE SHELL S.A.,Parcela 2 Teguel Costero S N,Dalcahue,-73.6344444444445,-42.3697222222222
28,3147.29,10754,BLUE SHELL S.A.,Parcela 2 Teguel Costero S N,Dalcahue,-73.6344444444445,-42.3697222222222
29,195.04,10754,BLUE SHELL S.A.,Parcela 2 Teguel Costero S N,Dalcahue,-73.6344444444445,-42.3697222222222
30,1063.1399999999999,10754,BLUE SHELL S.A.,Parcela 2 Teguel Costero S N,Dalcahue,-73.6344444444445,-42.3697222222222
31,206.25,10754,BLUE SHELL S.A.,Parcela 2 Teguel Costero S N,Dalcahue,-73.6344444444445,-42.3697222222222
32,181.58,10754,BLUE SHELL S.A.,Parcela 2 Teguel Costero S N,Dalcahue,-73.6344444444445,-42.3697222222222
33,1441.28,10754,BLUE SHELL S.A.,Parcela 2 Teguel Costero S N,Dalcahue,-73.6344444444445,-42.3697222222222
34,59.43,10754,BLUE SHELL S.A.,Parcela 2 Teguel Costero S N,Dalcahue,-73.6344444444445,-42.3697222222222
35,166.37,10754,BLUE SHELL S.A.,Parcela 2 Teguel Costero S N,Dalcahue,-73.6344444444445,-42.3697222222222
36,61.57,10754,BLUE SHELL S.A.,Parcela 2 Teguel Costero S N,Dalcahue,-73.6344444444445,-42.3697222222222
37,952.83,10754,BLUE SHELL S.A.,Parcela 2 Teguel Costero S N,Dalcahue,-73.6344444444445,-42.3697222222222
38,891.79,10754,BLUE SHELL S.A.,Parcela 2 Teguel Costero S N,Dalcahue,-73.6344444444445,-42.3697222222222
39,2420.53,10754,BLUE SHELL S.A.,Parcela 2 Teguel Costero S N,Dalcahue,-73.6344444444445,-42.3697222222222
40,692.31,10754,BLUE SHELL S.A.,Parcela 2 Teguel Costero S N,Dalcahue,-73.6344444444445,-42.3697222222222
41,111.81,10754,BLUE SHELL S.A.,Parcela 2 Teguel Costero S N,Dalcahue,-73.6344444444445,-42.3697222222222
42,1881.16,10754,BLUE SHELL S.A.,Parcela 2 Teguel Costero S N,Dalcahue,-73.6344444444445,-42.3697222222222
43,358.825,10754,BLUE SHELL S.A.,Parcela 2 Teguel Costero S N,Dalcahue,-73.6344444444445,-42.3697222222222
44,1484.985,10754,BLUE SHELL S.A.,Parcela 2 Teguel Costero S N,Dalcahue,-73.6344444444445,-42.3697222222222
45,68.24,10754,BLUE SHELL S.A.,Parcela 2 Teguel Costero S N,Dalcahue,-73.6344444444445,-42.3697222222222
46,949.83,10754,BLUE SHELL S.A.,Parcela 2 Teguel Costero S N,Dalcahue,-73.6344444444445,-42.3697222222222
47,980.15,10754,BLUE SHELL S.A.,Parcela 2 Teguel Costero S N,Dalcahue,-73.6344444444445,-42.3697222222222
48,25.630000000000003,10754,BLUE SHELL S.A.,Parcela 2 Teguel Costero S N,Dalcahue,-73.6344444444445,-42.3697222222222
49,94.88,10754,BLUE SHELL S.A.,Parcela 2 Teguel Costero S N,Dalcahue,-73.6344444444445,-42.3697222222222
50,808.6,10754,BLUE SHELL S.A.,Parcela 2 Teguel Costero S N,Dalcahue,-73.6344444444445,-42.3697222222222
51,657.93,10754,BLUE SHELL S.A.,Parcela 2 Teguel Costero S N,Dalcahue,-73.6344444444445,-42.3697222222222
52,118.371,10727,CAMANCHACA CULTIVOS SUR S.A.,"Rauco S/n, Chonchi, Chiloé",Chonchi,-73.80326,-42.545298
53,214.764,10727,CAMANCHACA CULTIVOS SUR S.A.,"Rauco S/n, Chonchi, Chiloé",Chonchi,-73.80326,-42.545298
54,289.859,10727,CAMANCHACA CULTIVOS SUR S.A.,"Rauco S/n, Chonchi, Chiloé",Chonchi,-73.80326,-42.545298
55,75.105,10727,CAMANCHACA CULTIVOS SUR S.A.,"Rauco S/n, Chonchi, Chiloé",Chonchi,-73.80326,-42.545298
56,111.344,10727,CAMANCHACA CULTIVOS SUR S.A.,"Rauco S/n, Chonchi, Chiloé",Chonchi,-73.80326,-42.545298
57,140.064,10727,CAMANCHACA CULTIVOS SUR S.A.,"Rauco S/n, Chonchi, Chiloé",Chonchi,-73.80326,-42.545298
58,66.27,10727,CAMANCHACA CULTIVOS SUR S.A.,"Rauco S/n, Chonchi, Chiloé",Chonchi,-73.80326,-42.545298
59,1003.8530000000001,10727,CAMANCHACA CULTIVOS SUR S.A.,"Rauco S/n, Chonchi, Chiloé",Chonchi,-73.80326,-42.545298
60,72.916,10727,CAMANCHACA CULTIVOS SUR S.A.,"Rauco S/n, Chonchi, Chiloé",Chonchi,-73.80326,-42.545298
61,59.602999999999994,10727,CAMANCHACA CULTIVOS SUR S.A.,"Rauco S/n, Chonchi, Chiloé",Chonchi,-73.80326,-42.545298
62,1010.637,10727,CAMANCHACA CULTIVOS SUR S.A.,"Rauco S/n, Chonchi, Chiloé",Chonchi,-73.80326,-42.545298
63,133.087,10727,CAMANCHACA CULTIVOS SUR S.A.,"Rauco S/n, Chonchi, Chiloé",Chonchi,-73.80326,-42.545298
64,80.417,10727,CAMANCHACA CULTIVOS SUR S.A.,"Rauco S/n, Chonchi, Chiloé",Chonchi,-73.80326,-42.545298
65,77.618,10727,CAMANCHACA CULTIVOS SUR S.A.,"Rauco S/n, Chonchi, Chiloé",Chonchi,-73.80326,-42.545298
66,136.394,10727,CAMANCHACA CULTIVOS SUR S.A.,"Rauco S/n, Chonchi, Chiloé",Chonchi,-73.80326,-42.545298
67,183.416,10727,CAMANCHACA CULTIVOS SUR S.A.,"Rauco S/n, Chonchi, Chiloé",Chonchi,-73.80326,-42.545298
68,32.736000000000004,10727,CAMANCHACA CULTIVOS SUR S.A.,"Rauco S/n, Chonchi, Chiloé",Chonchi,-73.80326,-42.545298
69,85.56700000000001,10727,CAMANCHACA CULTIVOS SUR S.A.,"Rauco S/n, Chonchi, Chiloé",Chonchi,-73.80326,-42.545298
70,155.987,10727,CAMANCHACA CULTIVOS SUR S.A.,"Rauco S/n, Chonchi, Chiloé",Chonchi,-73.80326,-42.545298
71,402.233,10727,CAMANCHACA CULTIVOS SUR S.A.,"Rauco S/n, Chonchi, Chiloé",Chonchi,-73.80326,-42.545298
72,89.46,10727,CAMANCHACA CULTIVOS SUR S.A.,"Rauco S/n, Chonchi, Chiloé",Chonchi,-73.80326,-42.545298
73,297.411,10727,CAMANCHACA CULTIVOS SUR S.A.,"Rauco S/n, Chonchi, Chiloé",Chonchi,-73.80326,-42.545298
74,91.862,10727,CAMANCHACA CULTIVOS SUR S.A.,"Rauco S/n, Chonchi, Chiloé",Chonchi,-73.80326,-42.545298
75,128.212,10727,CAMANCHACA CULTIVOS SUR S.A.,"Rauco S/n, Chonchi, Chiloé",Chonchi,-73.80326,-42.545298
76,226.908,10727,CAMANCHACA CULTIVOS SUR S.A.,"Rauco S/n, Chonchi, Chiloé",Chonchi,-73.80326,-42.545298
77,149.625,10727,CAMANCHACA CULTIVOS SUR S.A.,"Rauco S/n, Chonchi, Chiloé",Chonchi,-73.80326,-42.545298
78,33.919,10727,CAMANCHACA CULTIVOS SUR S.A.,"Rauco S/n, Chonchi, Chiloé",Chonchi,-73.80326,-42.545298
79,226.121,10727,CAMANCHACA CULTIVOS SUR S.A.,"Rauco S/n, Chonchi, Chiloé",Chonchi,-73.80326,-42.545298
80,9.595,10727,CAMANCHACA CULTIVOS SUR S.A.,"Rauco S/n, Chonchi, Chiloé",Chonchi,-73.80326,-42.545298
81,90.089,10727,CAMANCHACA CULTIVOS SUR S.A.,"Rauco S/n, Chonchi, Chiloé",Chonchi,-73.80326,-42.545298
82,763.096,10727,CAMANCHACA CULTIVOS SUR S.A.,"Rauco S/n, Chonchi, Chiloé",Chonchi,-73.80326,-42.545298
83,102.259,10727,CAMANCHACA CULTIVOS SUR S.A.,"Rauco S/n, Chonchi, Chiloé",Chonchi,-73.80326,-42.545298
84,184.165,10727,CAMANCHACA CULTIVOS SUR S.A.,"Rauco S/n, Chonchi, Chiloé",Chonchi,-73.80326,-42.545298
85,170.615,10727,CAMANCHACA CULTIVOS SUR S.A.,"Rauco S/n, Chonchi, Chiloé",Chonchi,-73.80326,-42.545298
86,92.973,10727,CAMANCHACA CULTIVOS SUR S.A.,"Rauco S/n, Chonchi, Chiloé",Chonchi,-73.80326,-42.545298
87,31.832,10727,CAMANCHACA CULTIVOS SUR S.A.,"Rauco S/n, Chonchi, Chiloé",Chonchi,-73.80326,-42.545298
88,89.218,10727,CAMANCHACA CULTIVOS SUR S.A.,"Rauco S/n, Chonchi, Chiloé",Chonchi,-73.80326,-42.545298
89,47.777,10727,CAMANCHACA CULTIVOS SUR S.A.,"Rauco S/n, Chonchi, Chiloé",Chonchi,-73.80326,-42.545298
90,22.573999999999998,10727,CAMANCHACA CULTIVOS SUR S.A.,"Rauco S/n, Chonchi, Chiloé",Chonchi,-73.80326,-42.545298
91,47.793,10727,CAMANCHACA CULTIVOS SUR S.A.,"Rauco S/n, Chonchi, Chiloé",Chonchi,-73.80326,-42.545298
92,1454.0529999999999,10727,CAMANCHACA CULTIVOS SUR S.A.,"Rauco S/n, Chonchi, Chiloé",Chonchi,-73.80326,-42.545298
93,95.64699999999999,10727,CAMANCHACA CULTIVOS SUR S.A.,"Rauco S/n, Chonchi, Chiloé",Chonchi,-73.80326,-42.545298
94,63.542,10727,CAMANCHACA CULTIVOS SUR S.A.,"Rauco S/n, Chonchi, Chiloé",Chonchi,-73.80326,-42.545298
95,229.918,10727,CAMANCHACA CULTIVOS SUR S.A.,"Rauco S/n, Chonchi, Chiloé",Chonchi,-73.80326,-42.545298
96,188.489,10727,CAMANCHACA CULTIVOS SUR S.A.,"Rauco S/n, Chonchi, Chiloé",Chonchi,-73.80326,-42.545298
97,126.254,10727,CAMANCHACA CULTIVOS SUR S.A.,"Rauco S/n, Chonchi, Chiloé",Chonchi,-73.80326,-42.545298
98,983.798,10727,CAMANCHACA CULTIVOS SUR S.A.,"Rauco S/n, Chonchi, Chiloé",Chonchi,-73.80326,-42.545298
99,220.671,10727,CAMANCHACA CULTIVOS SUR S.A.,"Rauco S/n, Chonchi, Chiloé",Chonchi,-73.80326,-42.545298
100,802.116,10727,CAMANCHACA CULTIVOS SUR S.A.,"Rauco S/n, Chonchi, Chiloé",Chonchi,-73.80326,-42.545298
101,507.155,10727,CAMANCHACA CULTIVOS SUR S.A.,"Rauco S/n, Chonchi, Chiloé",Chonchi,-73.80326,-42.545298
102,158.035,10727,CAMANCHACA CULTIVOS SUR S.A.,"Rauco S/n, Chonchi, Chiloé",Chonchi,-73.80326,-42.545298
103,305.055,10727,CAMANCHACA CULTIVOS SUR S.A.,"Rauco S/n, Chonchi, Chiloé",Chonchi,-73.80326,-42.545298
104,279.038,10727,CAMANCHACA CULTIVOS SUR S.A.,"Rauco S/n, Chonchi, Chiloé",Chonchi,-73.80326,-42.545298
105,149.057,10727,CAMANCHACA CULTIVOS SUR S.A.,"Rauco S/n, Chonchi, Chiloé",Chonchi,-73.80326,-42.545298
106,474.513,10727,CAMANCHACA CULTIVOS SUR S.A.,"Rauco S/n, Chonchi, Chiloé",Chonchi,-73.80326,-42.545298
107,261.773,10727,CAMANCHACA CULTIVOS SUR S.A.,"Rauco S/n, Chonchi, Chiloé",Chonchi,-73.80326,-42.545298
108,21.226,10727,CAMANCHACA CULTIVOS SUR S.A.,"Rauco S/n, Chonchi, Chiloé",Chonchi,-73.80326,-42.545298
109,45.267,10727,CAMANCHACA CULTIVOS SUR S.A.,"Rauco S/n, Chonchi, Chiloé",Chonchi,-73.80326,-42.545298
110,198.427,10727,CAMANCHACA CULTIVOS SUR S.A.,"Rauco S/n, Chonchi, Chiloé",Chonchi,-73.80326,-42.545298
111,648.327,10727,CAMANCHACA CULTIVOS SUR S.A.,"Rauco S/n, Chonchi, Chiloé",Chonchi,-73.80326,-42.545298
112,18.584,10727,CAMANCHACA CULTIVOS SUR S.A.,"Rauco S/n, Chonchi, Chiloé",Chonchi,-73.80326,-42.545298
113,120.299,10727,CAMANCHACA CULTIVOS SUR S.A.,"Rauco S/n, Chonchi, Chiloé",Chonchi,-73.80326,-42.545298
114,1601.45,10727,CAMANCHACA CULTIVOS SUR S.A.,"Rauco S/n, Chonchi, Chiloé",Chonchi,-73.80326,-42.545298
115,182.565,10727,CAMANCHACA CULTIVOS SUR S.A.,"Rauco S/n, Chonchi, Chiloé",Chonchi,-73.80326,-42.545298
116,634.168,10727,CAMANCHACA CULTIVOS SUR S.A.,"Rauco S/n, Chonchi, Chiloé",Chonchi,-73.80326,-42.545298
117,87.91,10727,CAMANCHACA CULTIVOS SUR S.A.,"Rauco S/n, Chonchi, Chiloé",Chonchi,-73.80326,-42.545298
118,37.334,10727,CAMANCHACA CULTIVOS SUR S.A.,"Rauco S/n, Chonchi, Chiloé",Chonchi,-73.80326,-42.545298
119,421.761,10727,CAMANCHACA CULTIVOS SUR S.A.,"Rauco S/n, Chonchi, Chiloé",Chonchi,-73.80326,-42.545298
120,2416.971,10727,CAMANCHACA CULTIVOS SUR S.A.,"Rauco S/n, Chonchi, Chiloé",Chonchi,-73.80326,-42.545298
121,177.892,10727,CAMANCHACA CULTIVOS SUR S.A.,"Rauco S/n, Chonchi, Chiloé",Chonchi,-73.80326,-42.545298
122,59.82,10727,CAMANCHACA CULTIVOS SUR S.A.,"Rauco S/n, Chonchi, Chiloé",Chonchi,-73.80326,-42.545298
123,47.637,10727,CAMANCHACA CULTIVOS SUR S.A.,"Rauco S/n, Chonchi, Chiloé",Chonchi,-73.80326,-42.545298
124,86.923,10727,CAMANCHACA CULTIVOS SUR S.A.,"Rauco S/n, Chonchi, Chiloé",Chonchi,-73.80326,-42.545298
125,65.047,10727,CAMANCHACA CULTIVOS SUR S.A.,"Rauco S/n, Chonchi, Chiloé",Chonchi,-73.80326,-42.545298
126,226.841,10727,CAMANCHACA CULTIVOS SUR S.A.,"Rauco S/n, Chonchi, Chiloé",Chonchi,-73.80326,-42.545298
127,266.29699999999997,10727,CAMANCHACA CULTIVOS SUR S.A.,"Rauco S/n, Chonchi, Chiloé",Chonchi,-73.80326,-42.545298
128,691.716,10727,CAMANCHACA CULTIVOS SUR S.A.,"Rauco S/n, Chonchi, Chiloé",Chonchi,-73.80326,-42.545298
129,427.964,10727,CAMANCHACA CULTIVOS SUR S.A.,"Rauco S/n, Chonchi, Chiloé",Chonchi,-73.80326,-42.545298
130,10.081,10727,CAMANCHACA CULTIVOS SUR S.A.,"Rauco S/n, Chonchi, Chiloé",Chonchi,-73.80326,-42.545298
131,68.414,10731,COMERCIALIZADORA AQUA AUSTRAL LIMITADA,Camino A Pargua Km. 1038,Puerto Montt,,
132,7.834,10731,COMERCIALIZADORA AQUA AUSTRAL LIMITADA,Camino A Pargua Km. 1038,Puerto Montt,,
133,0.48,10731,COMERCIALIZADORA AQUA AUSTRAL LIMITADA,Camino A Pargua Km. 1038,Puerto Montt,,
134,2090.5,10829,COMERCIALIZADORA Y EXPORTADORA SUR CORP S.A.,"Ribera Sur N° 120, Pudeto Bajo, Ancud",Ancud,-73.794907,-41.876208
135,0.9,10926,"DIAZ PAREDES, MIRSA","Calle Carlos Meschner N° 217, Población Cardenal Raúl Silva Henriquez,",Calbuco,-73.132671,-41.774336
136,0.3,10919,EL SECRETO DEL SUR SPA,"Carrizo-changue, Comuna Maullín, Provincia Llanquihue, Región De Los L",Maullín,,
137,1.0,10781,"GARCIA CAMPOS, JUSTO LORENZO","Sector Manao, Hueihue Rural S/n, Ancud, Chiloe, X Region",Ancud,-73.514298,-41.894998
138,38.033,10728,INMUEBLES CATALUÑA LIMITADA,"Ruta 5 Sur, Km. 3, S/n°, Ancud-chiloé, X Región",Ancud,-73.772297,-41.870614
139,245.308,10728,INMUEBLES CATALUÑA LIMITADA,"Ruta 5 Sur, Km. 3, S/n°, Ancud-chiloé, X Región",Ancud,-73.772297,-41.870614
140,110.979,10728,INMUEBLES CATALUÑA LIMITADA,"Ruta 5 Sur, Km. 3, S/n°, Ancud-chiloé, X Región",Ancud,-73.772297,-41.870614
141,302.333,10728,INMUEBLES CATALUÑA LIMITADA,"Ruta 5 Sur, Km. 3, S/n°, Ancud-chiloé, X Región",Ancud,-73.772297,-41.870614
142,452.122,10728,INMUEBLES CATALUÑA LIMITADA,"Ruta 5 Sur, Km. 3, S/n°, Ancud-chiloé, X Región",Ancud,-73.772297,-41.870614
143,102.133,10728,INMUEBLES CATALUÑA LIMITADA,"Ruta 5 Sur, Km. 3, S/n°, Ancud-chiloé, X Región",Ancud,-73.772297,-41.870614
144,53.007000000000005,10728,INMUEBLES CATALUÑA LIMITADA,"Ruta 5 Sur, Km. 3, S/n°, Ancud-chiloé, X Región",Ancud,-73.772297,-41.870614
145,74.747,10728,INMUEBLES CATALUÑA LIMITADA,"Ruta 5 Sur, Km. 3, S/n°, Ancud-chiloé, X Región",Ancud,-73.772297,-41.870614
146,271.901,10728,INMUEBLES CATALUÑA LIMITADA,"Ruta 5 Sur, Km. 3, S/n°, Ancud-chiloé, X Región",Ancud,-73.772297,-41.870614
147,55.486000000000004,10728,INMUEBLES CATALUÑA LIMITADA,"Ruta 5 Sur, Km. 3, S/n°, Ancud-chiloé, X Región",Ancud,-73.772297,-41.870614
148,193.057,10728,INMUEBLES CATALUÑA LIMITADA,"Ruta 5 Sur, Km. 3, S/n°, Ancud-chiloé, X Región",Ancud,-73.772297,-41.870614
149,1635.154,10728,INMUEBLES CATALUÑA LIMITADA,"Ruta 5 Sur, Km. 3, S/n°, Ancud-chiloé, X Región",Ancud,-73.772297,-41.870614
150,124.618,10728,INMUEBLES CATALUÑA LIMITADA,"Ruta 5 Sur, Km. 3, S/n°, Ancud-chiloé, X Región",Ancud,-73.772297,-41.870614
151,222.82,10728,INMUEBLES CATALUÑA LIMITADA,"Ruta 5 Sur, Km. 3, S/n°, Ancud-chiloé, X Región",Ancud,-73.772297,-41.870614
152,19.276,10728,INMUEBLES CATALUÑA LIMITADA,"Ruta 5 Sur, Km. 3, S/n°, Ancud-chiloé, X Región",Ancud,-73.772297,-41.870614
153,55.537000000000006,10728,INMUEBLES CATALUÑA LIMITADA,"Ruta 5 Sur, Km. 3, S/n°, Ancud-chiloé, X Región",Ancud,-73.772297,-41.870614
154,561.864,10728,INMUEBLES CATALUÑA LIMITADA,"Ruta 5 Sur, Km. 3, S/n°, Ancud-chiloé, X Región",Ancud,-73.772297,-41.870614
155,95.396,10728,INMUEBLES CATALUÑA LIMITADA,"Ruta 5 Sur, Km. 3, S/n°, Ancud-chiloé, X Región",Ancud,-73.772297,-41.870614
156,139.594,10728,INMUEBLES CATALUÑA LIMITADA,"Ruta 5 Sur, Km. 3, S/n°, Ancud-chiloé, X Región",Ancud,-73.772297,-41.870614
157,136.132,10728,INMUEBLES CATALUÑA LIMITADA,"Ruta 5 Sur, Km. 3, S/n°, Ancud-chiloé, X Región",Ancud,-73.772297,-41.870614
158,703.466,10728,INMUEBLES CATALUÑA LIMITADA,"Ruta 5 Sur, Km. 3, S/n°, Ancud-chiloé, X Región",Ancud,-73.772297,-41.870614
159,18.886,10728,INMUEBLES CATALUÑA LIMITADA,"Ruta 5 Sur, Km. 3, S/n°, Ancud-chiloé, X Región",Ancud,-73.772297,-41.870614
160,184.73,10728,INMUEBLES CATALUÑA LIMITADA,"Ruta 5 Sur, Km. 3, S/n°, Ancud-chiloé, X Región",Ancud,-73.772297,-41.870614
161,242.816,10728,INMUEBLES CATALUÑA LIMITADA,"Ruta 5 Sur, Km. 3, S/n°, Ancud-chiloé, X Región",Ancud,-73.772297,-41.870614
162,94.693,10728,INMUEBLES CATALUÑA LIMITADA,"Ruta 5 Sur, Km. 3, S/n°, Ancud-chiloé, X Región",Ancud,-73.772297,-41.870614
163,286.305,10728,INMUEBLES CATALUÑA LIMITADA,"Ruta 5 Sur, Km. 3, S/n°, Ancud-chiloé, X Región",Ancud,-73.772297,-41.870614
164,268.108,10728,INMUEBLES CATALUÑA LIMITADA,"Ruta 5 Sur, Km. 3, S/n°, Ancud-chiloé, X Región",Ancud,-73.772297,-41.870614
165,23.603,10728,INMUEBLES CATALUÑA LIMITADA,"Ruta 5 Sur, Km. 3, S/n°, Ancud-chiloé, X Región",Ancud,-73.772297,-41.870614
166,513.23,10728,INMUEBLES CATALUÑA LIMITADA,"Ruta 5 Sur, Km. 3, S/n°, Ancud-chiloé, X Región",Ancud,-73.772297,-41.870614
167,104.89099999999999,10728,INMUEBLES CATALUÑA LIMITADA,"Ruta 5 Sur, Km. 3, S/n°, Ancud-chiloé, X Región",Ancud,-73.772297,-41.870614
168,92.719,10728,INMUEBLES CATALUÑA LIMITADA,"Ruta 5 Sur, Km. 3, S/n°, Ancud-chiloé, X Región",Ancud,-73.772297,-41.870614
169,154.141,10728,INMUEBLES CATALUÑA LIMITADA,"Ruta 5 Sur, Km. 3, S/n°, Ancud-chiloé, X Región",Ancud,-73.772297,-41.870614
170,70.549,10728,INMUEBLES CATALUÑA LIMITADA,"Ruta 5 Sur, Km. 3, S/n°, Ancud-chiloé, X Región",Ancud,-73.772297,-41.870614
171,278.20799999999997,10728,INMUEBLES CATALUÑA LIMITADA,"Ruta 5 Sur, Km. 3, S/n°, Ancud-chiloé, X Región",Ancud,-73.772297,-41.870614
172,1347.625,10728,INMUEBLES CATALUÑA LIMITADA,"Ruta 5 Sur, Km. 3, S/n°, Ancud-chiloé, X Región",Ancud,-73.772297,-41.870614
173,316.896,10728,INMUEBLES CATALUÑA LIMITADA,"Ruta 5 Sur, Km. 3, S/n°, Ancud-chiloé, X Región",Ancud,-73.772297,-41.870614
174,19.268,10728,INMUEBLES CATALUÑA LIMITADA,"Ruta 5 Sur, Km. 3, S/n°, Ancud-chiloé, X Región",Ancud,-73.772297,-41.870614
175,655.851,10728,INMUEBLES CATALUÑA LIMITADA,"Ruta 5 Sur, Km. 3, S/n°, Ancud-chiloé, X Región",Ancud,-73.772297,-41.870614
176,155.715,10728,INMUEBLES CATALUÑA LIMITADA,"Ruta 5 Sur, Km. 3, S/n°, Ancud-chiloé, X Región",Ancud,-73.772297,-41.870614
177,38.846999999999994,10728,INMUEBLES CATALUÑA LIMITADA,"Ruta 5 Sur, Km. 3, S/n°, Ancud-chiloé, X Región",Ancud,-73.772297,-41.870614
178,270.08299999999997,10728,INMUEBLES CATALUÑA LIMITADA,"Ruta 5 Sur, Km. 3, S/n°, Ancud-chiloé, X Región",Ancud,-73.772297,-41.870614
179,161.519,10728,INMUEBLES CATALUÑA LIMITADA,"Ruta 5 Sur, Km. 3, S/n°, Ancud-chiloé, X Región",Ancud,-73.772297,-41.870614
180,337.973,10728,INMUEBLES CATALUÑA LIMITADA,"Ruta 5 Sur, Km. 3, S/n°, Ancud-chiloé, X Región",Ancud,-73.772297,-41.870614
181,281.524,10728,INMUEBLES CATALUÑA LIMITADA,"Ruta 5 Sur, Km. 3, S/n°, Ancud-chiloé, X Región",Ancud,-73.772297,-41.870614
182,472.654,10728,INMUEBLES CATALUÑA LIMITADA,"Ruta 5 Sur, Km. 3, S/n°, Ancud-chiloé, X Región",Ancud,-73.772297,-41.870614
183,143.266,10728,INMUEBLES CATALUÑA LIMITADA,"Ruta 5 Sur, Km. 3, S/n°, Ancud-chiloé, X Región",Ancud,-73.772297,-41.870614
184,417.955,10728,INMUEBLES CATALUÑA LIMITADA,"Ruta 5 Sur, Km. 3, S/n°, Ancud-chiloé, X Región",Ancud,-73.772297,-41.870614
185,56.445,10728,INMUEBLES CATALUÑA LIMITADA,"Ruta 5 Sur, Km. 3, S/n°, Ancud-chiloé, X Región",Ancud,-73.772297,-41.870614
186,17.392,10728,INMUEBLES CATALUÑA LIMITADA,"Ruta 5 Sur, Km. 3, S/n°, Ancud-chiloé, X Región",Ancud,-73.772297,-41.870614
187,1054.545,10728,INMUEBLES CATALUÑA LIMITADA,"Ruta 5 Sur, Km. 3, S/n°, Ancud-chiloé, X Región",Ancud,-73.772297,-41.870614
188,300.445,10728,INMUEBLES CATALUÑA LIMITADA,"Ruta 5 Sur, Km. 3, S/n°, Ancud-chiloé, X Región",Ancud,-73.772297,-41.870614
189,53.87,10728,INMUEBLES CATALUÑA LIMITADA,"Ruta 5 Sur, Km. 3, S/n°, Ancud-chiloé, X Región",Ancud,-73.772297,-41.870614
190,636.242,10728,INMUEBLES CATALUÑA LIMITADA,"Ruta 5 Sur, Km. 3, S/n°, Ancud-chiloé, X Región",Ancud,-73.772297,-41.870614
191,254.874,10728,INMUEBLES CATALUÑA LIMITADA,"Ruta 5 Sur, Km. 3, S/n°, Ancud-chiloé, X Región",Ancud,-73.772297,-41.870614
192,85.908,10728,INMUEBLES CATALUÑA LIMITADA,"Ruta 5 Sur, Km. 3, S/n°, Ancud-chiloé, X Región",Ancud,-73.772297,-41.870614
193,54.591,10728,INMUEBLES CATALUÑA LIMITADA,"Ruta 5 Sur, Km. 3, S/n°, Ancud-chiloé, X Región",Ancud,-73.772297,-41.870614
194,285.021,10728,INMUEBLES CATALUÑA LIMITADA,"Ruta 5 Sur, Km. 3, S/n°, Ancud-chiloé, X Región",Ancud,-73.772297,-41.870614
195,207.457,10728,INMUEBLES CATALUÑA LIMITADA,"Ruta 5 Sur, Km. 3, S/n°, Ancud-chiloé, X Región",Ancud,-73.772297,-41.870614
196,160.181,10728,INMUEBLES CATALUÑA LIMITADA,"Ruta 5 Sur, Km. 3, S/n°, Ancud-chiloé, X Región",Ancud,-73.772297,-41.870614
197,8.899,10728,INMUEBLES CATALUÑA LIMITADA,"Ruta 5 Sur, Km. 3, S/n°, Ancud-chiloé, X Región",Ancud,-73.772297,-41.870614
198,29.085,10728,INMUEBLES CATALUÑA LIMITADA,"Ruta 5 Sur, Km. 3, S/n°, Ancud-chiloé, X Región",Ancud,-73.772297,-41.870614
199,38.127,10728,INMUEBLES CATALUÑA LIMITADA,"Ruta 5 Sur, Km. 3, S/n°, Ancud-chiloé, X Región",Ancud,-73.772297,-41.870614
200,98.959,10728,INMUEBLES CATALUÑA LIMITADA,"Ruta 5 Sur, Km. 3, S/n°, Ancud-chiloé, X Región",Ancud,-73.772297,-41.870614
201,130.856,10728,INMUEBLES CATALUÑA LIMITADA,"Ruta 5 Sur, Km. 3, S/n°, Ancud-chiloé, X Región",Ancud,-73.772297,-41.870614
202,229.879,10728,INMUEBLES CATALUÑA LIMITADA,"Ruta 5 Sur, Km. 3, S/n°, Ancud-chiloé, X Región",Ancud,-73.772297,-41.870614
203,686.654,10728,INMUEBLES CATALUÑA LIMITADA,"Ruta 5 Sur, Km. 3, S/n°, Ancud-chiloé, X Región",Ancud,-73.772297,-41.870614
204,1223.557,10728,INMUEBLES CATALUÑA LIMITADA,"Ruta 5 Sur, Km. 3, S/n°, Ancud-chiloé, X Región",Ancud,-73.772297,-41.870614
205,330.133,10728,INMUEBLES CATALUÑA LIMITADA,"Ruta 5 Sur, Km. 3, S/n°, Ancud-chiloé, X Región",Ancud,-73.772297,-41.870614
206,54.05,10728,INMUEBLES CATALUÑA LIMITADA,"Ruta 5 Sur, Km. 3, S/n°, Ancud-chiloé, X Región",Ancud,-73.772297,-41.870614
207,250.397,10728,INMUEBLES CATALUÑA LIMITADA,"Ruta 5 Sur, Km. 3, S/n°, Ancud-chiloé, X Región",Ancud,-73.772297,-41.870614
208,302.009,10728,INMUEBLES CATALUÑA LIMITADA,"Ruta 5 Sur, Km. 3, S/n°, Ancud-chiloé, X Región",Ancud,-73.772297,-41.870614
209,697.949,10728,INMUEBLES CATALUÑA LIMITADA,"Ruta 5 Sur, Km. 3, S/n°, Ancud-chiloé, X Región",Ancud,-73.772297,-41.870614
210,440.024,10728,INMUEBLES CATALUÑA LIMITADA,"Ruta 5 Sur, Km. 3, S/n°, Ancud-chiloé, X Región",Ancud,-73.772297,-41.870614
211,91.191,10728,INMUEBLES CATALUÑA LIMITADA,"Ruta 5 Sur, Km. 3, S/n°, Ancud-chiloé, X Región",Ancud,-73.772297,-41.870614
212,20.692,10728,INMUEBLES CATALUÑA LIMITADA,"Ruta 5 Sur, Km. 3, S/n°, Ancud-chiloé, X Región",Ancud,-73.772297,-41.870614
213,249.539,10728,INMUEBLES CATALUÑA LIMITADA,"Ruta 5 Sur, Km. 3, S/n°, Ancud-chiloé, X Región",Ancud,-73.772297,-41.870614
214,69.98,10728,INMUEBLES CATALUÑA LIMITADA,"Ruta 5 Sur, Km. 3, S/n°, Ancud-chiloé, X Región",Ancud,-73.772297,-41.870614
215,133.404,10728,INMUEBLES CATALUÑA LIMITADA,"Ruta 5 Sur, Km. 3, S/n°, Ancud-chiloé, X Región",Ancud,-73.772297,-41.870614
216,858.07,10728,INMUEBLES CATALUÑA LIMITADA,"Ruta 5 Sur, Km. 3, S/n°, Ancud-chiloé, X Región",Ancud,-73.772297,-41.870614
217,50.001,10728,INMUEBLES CATALUÑA LIMITADA,"Ruta 5 Sur, Km. 3, S/n°, Ancud-chiloé, X Región",Ancud,-73.772297,-41.870614
218,342.727,10728,INMUEBLES CATALUÑA LIMITADA,"Ruta 5 Sur, Km. 3, S/n°, Ancud-chiloé, X Región",Ancud,-73.772297,-41.870614
219,73.773,10728,INMUEBLES CATALUÑA LIMITADA,"Ruta 5 Sur, Km. 3, S/n°, Ancud-chiloé, X Región",Ancud,-73.772297,-41.870614
220,57.644,10728,INMUEBLES CATALUÑA LIMITADA,"Ruta 5 Sur, Km. 3, S/n°, Ancud-chiloé, X Región",Ancud,-73.772297,-41.870614
221,522.002,10728,INMUEBLES CATALUÑA LIMITADA,"Ruta 5 Sur, Km. 3, S/n°, Ancud-chiloé, X Región",Ancud,-73.772297,-41.870614
222,192.262,10728,INMUEBLES CATALUÑA LIMITADA,"Ruta 5 Sur, Km. 3, S/n°, Ancud-chiloé, X Región",Ancud,-73.772297,-41.870614
223,96.16999999999999,10728,INMUEBLES CATALUÑA LIMITADA,"Ruta 5 Sur, Km. 3, S/n°, Ancud-chiloé, X Región",Ancud,-73.772297,-41.870614
224,329.788,10728,INMUEBLES CATALUÑA LIMITADA,"Ruta 5 Sur, Km. 3, S/n°, Ancud-chiloé, X Región",Ancud,-73.772297,-41.870614
225,10.187,10728,INMUEBLES CATALUÑA LIMITADA,"Ruta 5 Sur, Km. 3, S/n°, Ancud-chiloé, X Región",Ancud,-73.772297,-41.870614
226,710.817,10728,INMUEBLES CATALUÑA LIMITADA,"Ruta 5 Sur, Km. 3, S/n°, Ancud-chiloé, X Región",Ancud,-73.772297,-41.870614
227,216.07399999999998,10728,INMUEBLES CATALUÑA LIMITADA,"Ruta 5 Sur, Km. 3, S/n°, Ancud-chiloé, X Región",Ancud,-73.772297,-41.870614
228,325.524,10728,INMUEBLES CATALUÑA LIMITADA,"Ruta 5 Sur, Km. 3, S/n°, Ancud-chiloé, X Región",Ancud,-73.772297,-41.870614
229,485.851,10728,INMUEBLES CATALUÑA LIMITADA,"Ruta 5 Sur, Km. 3, S/n°, Ancud-chiloé, X Región",Ancud,-73.772297,-41.870614
230,16.198,10728,INMUEBLES CATALUÑA LIMITADA,"Ruta 5 Sur, Km. 3, S/n°, Ancud-chiloé, X Región",Ancud,-73.772297,-41.870614
231,942.219,10728,INMUEBLES CATALUÑA LIMITADA,"Ruta 5 Sur, Km. 3, S/n°, Ancud-chiloé, X Región",Ancud,-73.772297,-41.870614
232,169.539,10728,INMUEBLES CATALUÑA LIMITADA,"Ruta 5 Sur, Km. 3, S/n°, Ancud-chiloé, X Región",Ancud,-73.772297,-41.870614
233,457.606,10728,INMUEBLES CATALUÑA LIMITADA,"Ruta 5 Sur, Km. 3, S/n°, Ancud-chiloé, X Región",Ancud,-73.772297,-41.870614
234,37.414,10728,INMUEBLES CATALUÑA LIMITADA,"Ruta 5 Sur, Km. 3, S/n°, Ancud-chiloé, X Región",Ancud,-73.772297,-41.870614
235,616.457,10728,INMUEBLES CATALUÑA LIMITADA,"Ruta 5 Sur, Km. 3, S/n°, Ancud-chiloé, X Región",Ancud,-73.772297,-41.870614
236,27.586,10728,INMUEBLES CATALUÑA LIMITADA,"Ruta 5 Sur, Km. 3, S/n°, Ancud-chiloé, X Región",Ancud,-73.772297,-41.870614
237,98.783,10728,INMUEBLES CATALUÑA LIMITADA,"Ruta 5 Sur, Km. 3, S/n°, Ancud-chiloé, X Región",Ancud,-73.772297,-41.870614
238,277.882,10728,INMUEBLES CATALUÑA LIMITADA,"Ruta 5 Sur, Km. 3, S/n°, Ancud-chiloé, X Región",Ancud,-73.772297,-41.870614
239,281.179,10728,INMUEBLES CATALUÑA LIMITADA,"Ruta 5 Sur, Km. 3, S/n°, Ancud-chiloé, X Región",Ancud,-73.772297,-41.870614
240,255.413,10728,INMUEBLES CATALUÑA LIMITADA,"Ruta 5 Sur, Km. 3, S/n°, Ancud-chiloé, X Región",Ancud,-73.772297,-41.870614
241,1198.727,10728,INMUEBLES CATALUÑA LIMITADA,"Ruta 5 Sur, Km. 3, S/n°, Ancud-chiloé, X Región",Ancud,-73.772297,-41.870614
242,29.728,10728,INMUEBLES CATALUÑA LIMITADA,"Ruta 5 Sur, Km. 3, S/n°, Ancud-chiloé, X Región",Ancud,-73.772297,-41.870614
243,120.68299999999999,10728,INMUEBLES CATALUÑA LIMITADA,"Ruta 5 Sur, Km. 3, S/n°, Ancud-chiloé, X Región",Ancud,-73.772297,-41.870614
244,234.594,10728,INMUEBLES CATALUÑA LIMITADA,"Ruta 5 Sur, Km. 3, S/n°, Ancud-chiloé, X Región",Ancud,-73.772297,-41.870614
245,89.871,10728,INMUEBLES CATALUÑA LIMITADA,"Ruta 5 Sur, Km. 3, S/n°, Ancud-chiloé, X Región",Ancud,-73.772297,-41.870614
246,278.457,10728,INMUEBLES CATALUÑA LIMITADA,"Ruta 5 Sur, Km. 3, S/n°, Ancud-chiloé, X Región",Ancud,-73.772297,-41.870614
247,768.893,10728,INMUEBLES CATALUÑA LIMITADA,"Ruta 5 Sur, Km. 3, S/n°, Ancud-chiloé, X Región",Ancud,-73.772297,-41.870614
248,258.461,10728,INMUEBLES CATALUÑA LIMITADA,"Ruta 5 Sur, Km. 3, S/n°, Ancud-chiloé, X Región",Ancud,-73.772297,-41.870614
249,500.697,10728,INMUEBLES CATALUÑA LIMITADA,"Ruta 5 Sur, Km. 3, S/n°, Ancud-chiloé, X Región",Ancud,-73.772297,-41.870614
250,203.715,10728,INMUEBLES CATALUÑA LIMITADA,"Ruta 5 Sur, Km. 3, S/n°, Ancud-chiloé, X Región",Ancud,-73.772297,-41.870614
251,261.556,10728,INMUEBLES CATALUÑA LIMITADA,"Ruta 5 Sur, Km. 3, S/n°, Ancud-chiloé, X Región",Ancud,-73.772297,-41.870614
252,117.122,10728,INMUEBLES CATALUÑA LIMITADA,"Ruta 5 Sur, Km. 3, S/n°, Ancud-chiloé, X Región",Ancud,-73.772297,-41.870614
253,9.734,10800,INVERSIONES  COIHUIN LTDA.,"Camino Rural Huelmo - Huatral , Km. 3; Pto. Montt",Pto. Montt,,
254,47.249,10800,INVERSIONES  COIHUIN LTDA.,"Camino Rural Huelmo - Huatral , Km. 3; Pto. Montt",Pto. Montt,,
255,380.525,10800,INVERSIONES  COIHUIN LTDA.,"Camino Rural Huelmo - Huatral , Km. 3; Pto. Montt",Pto. Montt,,
256,171.118,10800,INVERSIONES  COIHUIN LTDA.,"Camino Rural Huelmo - Huatral , Km. 3; Pto. Montt",Pto. Montt,,
257,70.536,10800,INVERSIONES  COIHUIN LTDA.,"Camino Rural Huelmo - Huatral , Km. 3; Pto. Montt",Pto. Montt,,
258,54.791,10800,INVERSIONES  COIHUIN LTDA.,"Camino Rural Huelmo - Huatral , Km. 3; Pto. Montt",Pto. Montt,,
259,101.099,10800,INVERSIONES  COIHUIN LTDA.,"Camino Rural Huelmo - Huatral , Km. 3; Pto. Montt",Pto. Montt,,
260,52.576,10800,INVERSIONES  COIHUIN LTDA.,"Camino Rural Huelmo - Huatral , Km. 3; Pto. Montt",Pto. Montt,,
261,264.959,10800,INVERSIONES  COIHUIN LTDA.,"Camino Rural Huelmo - Huatral , Km. 3; Pto. Montt",Pto. Montt,,
262,18.961,10800,INVERSIONES  COIHUIN LTDA.,"Camino Rural Huelmo - Huatral , Km. 3; Pto. Montt",Pto. Montt,,
263,124.04599999999999,10800,INVERSIONES  COIHUIN LTDA.,"Camino Rural Huelmo - Huatral , Km. 3; Pto. Montt",Pto. Montt,,
264,208.578,10800,INVERSIONES  COIHUIN LTDA.,"Camino Rural Huelmo - Huatral , Km. 3; Pto. Montt",Pto. Montt,,
265,630.435,10800,INVERSIONES  COIHUIN LTDA.,"Camino Rural Huelmo - Huatral , Km. 3; Pto. Montt",Pto. Montt,,
266,84.481,10800,INVERSIONES  COIHUIN LTDA.,"Camino Rural Huelmo - Huatral , Km. 3; Pto. Montt",Pto. Montt,,
267,724.248,10800,INVERSIONES  COIHUIN LTDA.,"Camino Rural Huelmo - Huatral , Km. 3; Pto. Montt",Pto. Montt,,
268,10.967,10800,INVERSIONES  COIHUIN LTDA.,"Camino Rural Huelmo - Huatral , Km. 3; Pto. Montt",Pto. Montt,,
269,283.036,10800,INVERSIONES  COIHUIN LTDA.,"Camino Rural Huelmo - Huatral , Km. 3; Pto. Montt",Pto. Montt,,
270,956.434,10800,INVERSIONES  COIHUIN LTDA.,"Camino Rural Huelmo - Huatral , Km. 3; Pto. Montt",Pto. Montt,,
271,1219.25,10800,INVERSIONES  COIHUIN LTDA.,"Camino Rural Huelmo - Huatral , Km. 3; Pto. Montt",Pto. Montt,,
272,10.492,10800,INVERSIONES  COIHUIN LTDA.,"Camino Rural Huelmo - Huatral , Km. 3; Pto. Montt",Pto. Montt,,
273,222.305,10800,INVERSIONES  COIHUIN LTDA.,"Camino Rural Huelmo - Huatral , Km. 3; Pto. Montt",Pto. Montt,,
274,312.325,10800,INVERSIONES  COIHUIN LTDA.,"Camino Rural Huelmo - Huatral , Km. 3; Pto. Montt",Pto. Montt,,
275,7.124,10800,INVERSIONES  COIHUIN LTDA.,"Camino Rural Huelmo - Huatral , Km. 3; Pto. Montt",Pto. Montt,,
276,166.629,10800,INVERSIONES  COIHUIN LTDA.,"Camino Rural Huelmo - Huatral , Km. 3; Pto. Montt",Pto. Montt,,
277,270.288,10800,INVERSIONES  COIHUIN LTDA.,"Camino Rural Huelmo - Huatral , Km. 3; Pto. Montt",Pto. Montt,,
278,23.511,10800,INVERSIONES  COIHUIN LTDA.,"Camino Rural Huelmo - Huatral , Km. 3; Pto. Montt",Pto. Montt,,
279,1562.764,10800,INVERSIONES  COIHUIN LTDA.,"Camino Rural Huelmo - Huatral , Km. 3; Pto. Montt",Pto. Montt,,
280,118.545,10800,INVERSIONES  COIHUIN LTDA.,"Camino Rural Huelmo - Huatral , Km. 3; Pto. Montt",Pto. Montt,,
281,20.566999999999997,10800,INVERSIONES  COIHUIN LTDA.,"Camino Rural Huelmo - Huatral , Km. 3; Pto. Montt",Pto. Montt,,
282,673.865,10800,INVERSIONES  COIHUIN LTDA.,"Camino Rural Huelmo - Huatral , Km. 3; Pto. Montt",Pto. Montt,,
283,403.65,10800,INVERSIONES  COIHUIN LTDA.,"Camino Rural Huelmo - Huatral , Km. 3; Pto. Montt",Pto. Montt,,
284,480.106,10800,INVERSIONES  COIHUIN LTDA.,"Camino Rural Huelmo - Huatral , Km. 3; Pto. Montt",Pto. Montt,,
285,170.094,10800,INVERSIONES  COIHUIN LTDA.,"Camino Rural Huelmo - Huatral , Km. 3; Pto. Montt",Pto. Montt,,
286,106.054,10800,INVERSIONES  COIHUIN LTDA.,"Camino Rural Huelmo - Huatral , Km. 3; Pto. Montt",Pto. Montt,,
287,1067.539,10800,INVERSIONES  COIHUIN LTDA.,"Camino Rural Huelmo - Huatral , Km. 3; Pto. Montt",Pto. Montt,,
288,424.352,10800,INVERSIONES  COIHUIN LTDA.,"Camino Rural Huelmo - Huatral , Km. 3; Pto. Montt",Pto. Montt,,
289,166.905,10800,INVERSIONES  COIHUIN LTDA.,"Camino Rural Huelmo - Huatral , Km. 3; Pto. Montt",Pto. Montt,,
290,298.509,10800,INVERSIONES  COIHUIN LTDA.,"Camino Rural Huelmo - Huatral , Km. 3; Pto. Montt",Pto. Montt,,
291,20.918,10800,INVERSIONES  COIHUIN LTDA.,"Camino Rural Huelmo - Huatral , Km. 3; Pto. Montt",Pto. Montt,,
292,10.271,10800,INVERSIONES  COIHUIN LTDA.,"Camino Rural Huelmo - Huatral , Km. 3; Pto. Montt",Pto. Montt,,
293,54.867999999999995,10800,INVERSIONES  COIHUIN LTDA.,"Camino Rural Huelmo - Huatral , Km. 3; Pto. Montt",Pto. Montt,,
294,21.583,10800,INVERSIONES  COIHUIN LTDA.,"Camino Rural Huelmo - Huatral , Km. 3; Pto. Montt",Pto. Montt,,
295,210.855,10800,INVERSIONES  COIHUIN LTDA.,"Camino Rural Huelmo - Huatral , Km. 3; Pto. Montt",Pto. Montt,,
296,32.685,10800,INVERSIONES  COIHUIN LTDA.,"Camino Rural Huelmo - Huatral , Km. 3; Pto. Montt",Pto. Montt,,
297,87.924,10800,INVERSIONES  COIHUIN LTDA.,"Camino Rural Huelmo - Huatral , Km. 3; Pto. Montt",Pto. Montt,,
298,50.871,10800,INVERSIONES  COIHUIN LTDA.,"Camino Rural Huelmo - Huatral , Km. 3; Pto. Montt",Pto. Montt,,
299,271.46,10800,INVERSIONES  COIHUIN LTDA.,"Camino Rural Huelmo - Huatral , Km. 3; Pto. Montt",Pto. Montt,,
300,362.635,10800,INVERSIONES  COIHUIN LTDA.,"Camino Rural Huelmo - Huatral , Km. 3; Pto. Montt",Pto. Montt,,
301,217.124,10800,INVERSIONES  COIHUIN LTDA.,"Camino Rural Huelmo - Huatral , Km. 3; Pto. Montt",Pto. Montt,,
302,160.98499999999999,10800,INVERSIONES  COIHUIN LTDA.,"Camino Rural Huelmo - Huatral , Km. 3; Pto. Montt",Pto. Montt,,
303,58.594,10800,INVERSIONES  COIHUIN LTDA.,"Camino Rural Huelmo - Huatral , Km. 3; Pto. Montt",Pto. Montt,,
304,234.711,10800,INVERSIONES  COIHUIN LTDA.,"Camino Rural Huelmo - Huatral , Km. 3; Pto. Montt",Pto. Montt,,
305,295.759,10800,INVERSIONES  COIHUIN LTDA.,"Camino Rural Huelmo - Huatral , Km. 3; Pto. Montt",Pto. Montt,,
306,870.36,10800,INVERSIONES  COIHUIN LTDA.,"Camino Rural Huelmo - Huatral , Km. 3; Pto. Montt",Pto. Montt,,
307,11.309,10800,INVERSIONES  COIHUIN LTDA.,"Camino Rural Huelmo - Huatral , Km. 3; Pto. Montt",Pto. Montt,,
308,123.59,10800,INVERSIONES  COIHUIN LTDA.,"Camino Rural Huelmo - Huatral , Km. 3; Pto. Montt",Pto. Montt,,
309,361.114,10800,INVERSIONES  COIHUIN LTDA.,"Camino Rural Huelmo - Huatral , Km. 3; Pto. Montt",Pto. Montt,,
310,84.0,10800,INVERSIONES  COIHUIN LTDA.,"Camino Rural Huelmo - Huatral , Km. 3; Pto. Montt",Pto. Montt,,
311,78.463,10800,INVERSIONES  COIHUIN LTDA.,"Camino Rural Huelmo - Huatral , Km. 3; Pto. Montt",Pto. Montt,,
312,383.002,10800,INVERSIONES  COIHUIN LTDA.,"Camino Rural Huelmo - Huatral , Km. 3; Pto. Montt",Pto. Montt,,
313,1081.749,10800,INVERSIONES  COIHUIN LTDA.,"Camino Rural Huelmo - Huatral , Km. 3; Pto. Montt",Pto. Montt,,
314,542.192,10800,INVERSIONES  COIHUIN LTDA.,"Camino Rural Huelmo - Huatral , Km. 3; Pto. Montt",Pto. Montt,,
315,92.108,10800,INVERSIONES  COIHUIN LTDA.,"Camino Rural Huelmo - Huatral , Km. 3; Pto. Montt",Pto. Montt,,
316,90.493,10800,INVERSIONES  COIHUIN LTDA.,"Camino Rural Huelmo - Huatral , Km. 3; Pto. Montt",Pto. Montt,,
317,40.471000000000004,10800,INVERSIONES  COIHUIN LTDA.,"Camino Rural Huelmo - Huatral , Km. 3; Pto. Montt",Pto. Montt,,
318,1437.75,10800,INVERSIONES  COIHUIN LTDA.,"Camino Rural Huelmo - Huatral , Km. 3; Pto. Montt",Pto. Montt,,
319,467.272,10800,INVERSIONES  COIHUIN LTDA.,"Camino Rural Huelmo - Huatral , Km. 3; Pto. Montt",Pto. Montt,,
320,24724.32,10217,MEJILLONES AUCAR LTDA.,"Aucar S/n Quemchi, Castro",Castro,-73.4838888888889,-42.1672222222222
321,22.0,10620,"PACIFIC FARMER, PESQ. LTDA. (EX CHEN ZHANG LUO, COM. Y CIA. LTDA.)",Av. Brasil  710 Calbuco,Calbuco,-73.13414167,-41.78231944
322,101.0,10620,"PACIFIC FARMER, PESQ. LTDA. (EX CHEN ZHANG LUO, COM. Y CIA. LTDA.)",Av. Brasil  710 Calbuco,Calbuco,-73.13414167,-41.78231944
323,78.0,10620,"PACIFIC FARMER, PESQ. LTDA. (EX CHEN ZHANG LUO, COM. Y CIA. LTDA.)",Av. Brasil  710 Calbuco,Calbuco,-73.13414167,-41.78231944
324,45.5,10620,"PACIFIC FARMER, PESQ. LTDA. (EX CHEN ZHANG LUO, COM. Y CIA. LTDA.)",Av. Brasil  710 Calbuco,Calbuco,-73.13414167,-41.78231944
325,117.0,10620,"PACIFIC FARMER, PESQ. LTDA. (EX CHEN ZHANG LUO, COM. Y CIA. LTDA.)",Av. Brasil  710 Calbuco,Calbuco,-73.13414167,-41.78231944
326,10.0,10620,"PACIFIC FARMER, PESQ. LTDA. (EX CHEN ZHANG LUO, COM. Y CIA. LTDA.)",Av. Brasil  710 Calbuco,Calbuco,-73.13414167,-41.78231944
327,10.0,10620,"PACIFIC FARMER, PESQ. LTDA. (EX CHEN ZHANG LUO, COM. Y CIA. LTDA.)",Av. Brasil  710 Calbuco,Calbuco,-73.13414167,-41.78231944
328,120.0,10620,"PACIFIC FARMER, PESQ. LTDA. (EX CHEN ZHANG LUO, COM. Y CIA. LTDA.)",Av. Brasil  710 Calbuco,Calbuco,-73.13414167,-41.78231944
329,80.0,10620,"PACIFIC FARMER, PESQ. LTDA. (EX CHEN ZHANG LUO, COM. Y CIA. LTDA.)",Av. Brasil  710 Calbuco,Calbuco,-73.13414167,-41.78231944
330,107.5,10620,"PACIFIC FARMER, PESQ. LTDA. (EX CHEN ZHANG LUO, COM. Y CIA. LTDA.)",Av. Brasil  710 Calbuco,Calbuco,-73.13414167,-41.78231944
331,100.0,10620,"PACIFIC FARMER, PESQ. LTDA. (EX CHEN ZHANG LUO, COM. Y CIA. LTDA.)",Av. Brasil  710 Calbuco,Calbuco,-73.13414167,-41.78231944
332,120.0,10620,"PACIFIC FARMER, PESQ. LTDA. (EX CHEN ZHANG LUO, COM. Y CIA. LTDA.)",Av. Brasil  710 Calbuco,Calbuco,-73.13414167,-41.78231944
333,120.0,10620,"PACIFIC FARMER, PESQ. LTDA. (EX CHEN ZHANG LUO, COM. Y CIA. LTDA.)",Av. Brasil  710 Calbuco,Calbuco,-73.13414167,-41.78231944
334,21.0,10620,"PACIFIC FARMER, PESQ. LTDA. (EX CHEN ZHANG LUO, COM. Y CIA. LTDA.)",Av. Brasil  710 Calbuco,Calbuco,-73.13414167,-41.78231944
335,113.0,10620,"PACIFIC FARMER, PESQ. LTDA. (EX CHEN ZHANG LUO, COM. Y CIA. LTDA.)",Av. Brasil  710 Calbuco,Calbuco,-73.13414167,-41.78231944
336,10.0,10620,"PACIFIC FARMER, PESQ. LTDA. (EX CHEN ZHANG LUO, COM. Y CIA. LTDA.)",Av. Brasil  710 Calbuco,Calbuco,-73.13414167,-41.78231944
337,300.0,10620,"PACIFIC FARMER, PESQ. LTDA. (EX CHEN ZHANG LUO, COM. Y CIA. LTDA.)",Av. Brasil  710 Calbuco,Calbuco,-73.13414167,-41.78231944
338,442.0,10620,"PACIFIC FARMER, PESQ. LTDA. (EX CHEN ZHANG LUO, COM. Y CIA. LTDA.)",Av. Brasil  710 Calbuco,Calbuco,-73.13414167,-41.78231944
339,732.5,10620,"PACIFIC FARMER, PESQ. LTDA. (EX CHEN ZHANG LUO, COM. Y CIA. LTDA.)",Av. Brasil  710 Calbuco,Calbuco,-73.13414167,-41.78231944
340,44.0,10620,"PACIFIC FARMER, PESQ. LTDA. (EX CHEN ZHANG LUO, COM. Y CIA. LTDA.)",Av. Brasil  710 Calbuco,Calbuco,-73.13414167,-41.78231944
341,84.0,10620,"PACIFIC FARMER, PESQ. LTDA. (EX CHEN ZHANG LUO, COM. Y CIA. LTDA.)",Av. Brasil  710 Calbuco,Calbuco,-73.13414167,-41.78231944
342,86.5,10620,"PACIFIC FARMER, PESQ. LTDA. (EX CHEN ZHANG LUO, COM. Y CIA. LTDA.)",Av. Brasil  710 Calbuco,Calbuco,-73.13414167,-41.78231944
343,4853.492,10747,PACIFIC GOLD S.A.,"El Teniente 80, Bariio Industrial, Puerto Montt",Pto. Montt,-72.965139,-41.455472
344,17.844,10747,PACIFIC GOLD S.A.,"El Teniente 80, Bariio Industrial, Puerto Montt",Pto. Montt,-72.965139,-41.455472
345,12.042,10747,PACIFIC GOLD S.A.,"El Teniente 80, Bariio Industrial, Puerto Montt",Pto. Montt,-72.965139,-41.455472
346,9.549,10747,PACIFIC GOLD S.A.,"El Teniente 80, Bariio Industrial, Puerto Montt",Pto. Montt,-72.965139,-41.455472
347,60.318,10747,PACIFIC GOLD S.A.,"El Teniente 80, Bariio Industrial, Puerto Montt",Pto. Montt,-72.965139,-41.455472
348,10.0,10747,PACIFIC GOLD S.A.,"El Teniente 80, Bariio Industrial, Puerto Montt",Pto. Montt,-72.965139,-41.455472
349,9.526,10747,PACIFIC GOLD S.A.,"El Teniente 80, Bariio Industrial, Puerto Montt",Pto. Montt,-72.965139,-41.455472
350,20.409999999999997,10747,PACIFIC GOLD S.A.,"El Teniente 80, Bariio Industrial, Puerto Montt",Pto. Montt,-72.965139,-41.455472
351,10.0,10762,PESBASA S.A.,Chinquihue Km 11,Puerto Montt,,
352,260.0,10762,PESBASA S.A.,Chinquihue Km 11,Puerto Montt,,
353,246.0,10762,PESBASA S.A.,Chinquihue Km 11,Puerto Montt,,
354,319.0,10762,PESBASA S.A.,Chinquihue Km 11,Puerto Montt,,
355,2980.0,10762,PESBASA S.A.,Chinquihue Km 11,Puerto Montt,,
356,30.0,10762,PESBASA S.A.,Chinquihue Km 11,Puerto Montt,,
357,100.0,10762,PESBASA S.A.,Chinquihue Km 11,Puerto Montt,,
358,50.0,10762,PESBASA S.A.,Chinquihue Km 11,Puerto Montt,,
359,60.0,10762,PESBASA S.A.,Chinquihue Km 11,Puerto Montt,,
360,170.0,10762,PESBASA S.A.,Chinquihue Km 11,Puerto Montt,,
361,20.0,10762,PESBASA S.A.,Chinquihue Km 11,Puerto Montt,,
362,40.0,10762,PESBASA S.A.,Chinquihue Km 11,Puerto Montt,,
363,170.0,10762,PESBASA S.A.,Chinquihue Km 11,Puerto Montt,,
364,20.0,10762,PESBASA S.A.,Chinquihue Km 11,Puerto Montt,,
365,410.0,10762,PESBASA S.A.,Chinquihue Km 11,Puerto Montt,,
366,10.0,10762,PESBASA S.A.,Chinquihue Km 11,Puerto Montt,,
367,40.0,10762,PESBASA S.A.,Chinquihue Km 11,Puerto Montt,,
368,20.0,10762,PESBASA S.A.,Chinquihue Km 11,Puerto Montt,,
369,80.0,10762,PESBASA S.A.,Chinquihue Km 11,Puerto Montt,,
370,290.0,10762,PESBASA S.A.,Chinquihue Km 11,Puerto Montt,,
371,449.0,10762,PESBASA S.A.,Chinquihue Km 11,Puerto Montt,,
372,30.0,10762,PESBASA S.A.,Chinquihue Km 11,Puerto Montt,,
373,171.5,10762,PESBASA S.A.,Chinquihue Km 11,Puerto Montt,,
374,422.0,10762,PESBASA S.A.,Chinquihue Km 11,Puerto Montt,,
375,100.0,10762,PESBASA S.A.,Chinquihue Km 11,Puerto Montt,,
376,40.0,10762,PESBASA S.A.,Chinquihue Km 11,Puerto Montt,,
377,20.0,10762,PESBASA S.A.,Chinquihue Km 11,Puerto Montt,,
378,850.5,10762,PESBASA S.A.,Chinquihue Km 11,Puerto Montt,,
379,60.0,10762,PESBASA S.A.,Chinquihue Km 11,Puerto Montt,,
380,290.0,10762,PESBASA S.A.,Chinquihue Km 11,Puerto Montt,,
381,280.0,10762,PESBASA S.A.,Chinquihue Km 11,Puerto Montt,,
382,414.0,10762,PESBASA S.A.,Chinquihue Km 11,Puerto Montt,,
383,25.799999999999997,10213,PESCA Y CULTIVOS DON JORGE LTDA..,"Panamericana Sur, Km. 7 ( Casilla 270), Castro",Castro,-73.7905555555556,-42.5122222222222
384,108.707,10213,PESCA Y CULTIVOS DON JORGE LTDA..,"Panamericana Sur, Km. 7 ( Casilla 270), Castro",Castro,-73.7905555555556,-42.5122222222222
385,80.278,10213,PESCA Y CULTIVOS DON JORGE LTDA..,"Panamericana Sur, Km. 7 ( Casilla 270), Castro",Castro,-73.7905555555556,-42.5122222222222
386,34.7,10213,PESCA Y CULTIVOS DON JORGE LTDA..,"Panamericana Sur, Km. 7 ( Casilla 270), Castro",Castro,-73.7905555555556,-42.5122222222222
387,30.0,10715,PESQUERA MARISHELL LTDA.,"Costanera S/n, Carelamapu, Maullín, X Región",Puerto Montt,,
388,48.58,10671,RIA AUSTRAL  S.A.,"Vicente Perez Rosales 713, Llanquihue",Llanquihue,,
389,38.22,10671,RIA AUSTRAL  S.A.,"Vicente Perez Rosales 713, Llanquihue",Llanquihue,,
390,131.15,10671,RIA AUSTRAL  S.A.,"Vicente Perez Rosales 713, Llanquihue",Llanquihue,,
391,193.17,10671,RIA AUSTRAL  S.A.,"Vicente Perez Rosales 713, Llanquihue",Llanquihue,,
392,159.92,10671,RIA AUSTRAL  S.A.,"Vicente Perez Rosales 713, Llanquihue",Llanquihue,,
393,11.04,10671,RIA AUSTRAL  S.A.,"Vicente Perez Rosales 713, Llanquihue",Llanquihue,,
394,8.65,10671,RIA AUSTRAL  S.A.,"Vicente Perez Rosales 713, Llanquihue",Llanquihue,,
395,242.25,10671,RIA AUSTRAL  S.A.,"Vicente Perez Rosales 713, Llanquihue",Llanquihue,,
396,548.89,10671,RIA AUSTRAL  S.A.,"Vicente Perez Rosales 713, Llanquihue",Llanquihue,,
397,30.980000000000004,10671,RIA AUSTRAL  S.A.,"Vicente Perez Rosales 713, Llanquihue",Llanquihue,,
398,24.82,10671,RIA AUSTRAL  S.A.,"Vicente Perez Rosales 713, Llanquihue",Llanquihue,,
399,281.55,10671,RIA AUSTRAL  S.A.,"Vicente Perez Rosales 713, Llanquihue",Llanquihue,,
400,215.11,10671,RIA AUSTRAL  S.A.,"Vicente Perez Rosales 713, Llanquihue",Llanquihue,,
401,44.66,10671,RIA AUSTRAL  S.A.,"Vicente Perez Rosales 713, Llanquihue",Llanquihue,,
402,31.509999999999998,10671,RIA AUSTRAL  S.A.,"Vicente Perez Rosales 713, Llanquihue",Llanquihue,,
403,22.27,10671,RIA AUSTRAL  S.A.,"Vicente Perez Rosales 713, Llanquihue",Llanquihue,,
404,62.17,10671,RIA AUSTRAL  S.A.,"Vicente Perez Rosales 713, Llanquihue",Llanquihue,,
405,188.09,10671,RIA AUSTRAL  S.A.,"Vicente Perez Rosales 713, Llanquihue",Llanquihue,,
406,681.5550000000001,10671,RIA AUSTRAL  S.A.,"Vicente Perez Rosales 713, Llanquihue",Llanquihue,,
407,236.01,10671,RIA AUSTRAL  S.A.,"Vicente Perez Rosales 713, Llanquihue",Llanquihue,,
408,584.36,10671,RIA AUSTRAL  S.A.,"Vicente Perez Rosales 713, Llanquihue",Llanquihue,,
409,241.2,10671,RIA AUSTRAL  S.A.,"Vicente Perez Rosales 713, Llanquihue",Llanquihue,,
410,103.2,10671,RIA AUSTRAL  S.A.,"Vicente Perez Rosales 713, Llanquihue",Llanquihue,,
411,304.86,10671,RIA AUSTRAL  S.A.,"Vicente Perez Rosales 713, Llanquihue",Llanquihue,,
412,65.67,10671,RIA AUSTRAL  S.A.,"Vicente Perez Rosales 713, Llanquihue",Llanquihue,,
413,302.03,10671,RIA AUSTRAL  S.A.,"Vicente Perez Rosales 713, Llanquihue",Llanquihue,,
414,200.24,10671,RIA AUSTRAL  S.A.,"Vicente Perez Rosales 713, Llanquihue",Llanquihue,,
415,388.98,10671,RIA AUSTRAL  S.A.,"Vicente Perez Rosales 713, Llanquihue",Llanquihue,,
416,365.94,10671,RIA AUSTRAL  S.A.,"Vicente Perez Rosales 713, Llanquihue",Llanquihue,,
417,47.64,10671,RIA AUSTRAL  S.A.,"Vicente Perez Rosales 713, Llanquihue",Llanquihue,,
418,55.66,10671,RIA AUSTRAL  S.A.,"Vicente Perez Rosales 713, Llanquihue",Llanquihue,,
419,829.78,10671,RIA AUSTRAL  S.A.,"Vicente Perez Rosales 713, Llanquihue",Llanquihue,,
420,286.49,10671,RIA AUSTRAL  S.A.,"Vicente Perez Rosales 713, Llanquihue",Llanquihue,,
421,334.83,10671,RIA AUSTRAL  S.A.,"Vicente Perez Rosales 713, Llanquihue",Llanquihue,,
422,340.37,10671,RIA AUSTRAL  S.A.,"Vicente Perez Rosales 713, Llanquihue",Llanquihue,,
423,362.12,10671,RIA AUSTRAL  S.A.,"Vicente Perez Rosales 713, Llanquihue",Llanquihue,,
424,640.052,10671,RIA AUSTRAL  S.A.,"Vicente Perez Rosales 713, Llanquihue",Llanquihue,,
425,677.71,10671,RIA AUSTRAL  S.A.,"Vicente Perez Rosales 713, Llanquihue",Llanquihue,,
426,164.15,10671,RIA AUSTRAL  S.A.,"Vicente Perez Rosales 713, Llanquihue",Llanquihue,,
427,402.426,10671,RIA AUSTRAL  S.A.,"Vicente Perez Rosales 713, Llanquihue",Llanquihue,,
428,165.96,10671,RIA AUSTRAL  S.A.,"Vicente Perez Rosales 713, Llanquihue",Llanquihue,,
429,287.75,10671,RIA AUSTRAL  S.A.,"Vicente Perez Rosales 713, Llanquihue",Llanquihue,,
430,62.8,10671,RIA AUSTRAL  S.A.,"Vicente Perez Rosales 713, Llanquihue",Llanquihue,,
431,163.95,10671,RIA AUSTRAL  S.A.,"Vicente Perez Rosales 713, Llanquihue",Llanquihue,,
432,33.38,10671,RIA AUSTRAL  S.A.,"Vicente Perez Rosales 713, Llanquihue",Llanquihue,,
433,211.17000000000002,10671,RIA AUSTRAL  S.A.,"Vicente Perez Rosales 713, Llanquihue",Llanquihue,,
434,45.86,10671,RIA AUSTRAL  S.A.,"Vicente Perez Rosales 713, Llanquihue",Llanquihue,,
435,813.75,10671,RIA AUSTRAL  S.A.,"Vicente Perez Rosales 713, Llanquihue",Llanquihue,,
436,53.92,10671,RIA AUSTRAL  S.A.,"Vicente Perez Rosales 713, Llanquihue",Llanquihue,,
437,10.02,10671,RIA AUSTRAL  S.A.,"Vicente Perez Rosales 713, Llanquihue",Llanquihue,,
438,70.67,10671,RIA AUSTRAL  S.A.,"Vicente Perez Rosales 713, Llanquihue",Llanquihue,,
439,76.21000000000001,10671,RIA AUSTRAL  S.A.,"Vicente Perez Rosales 713, Llanquihue",Llanquihue,,
440,19.59,10671,RIA AUSTRAL  S.A.,"Vicente Perez Rosales 713, Llanquihue",Llanquihue,,
441,41.83,10671,RIA AUSTRAL  S.A.,"Vicente Perez Rosales 713, Llanquihue",Llanquihue,,
442,68.31,10671,RIA AUSTRAL  S.A.,"Vicente Perez Rosales 713, Llanquihue",Llanquihue,,
443,253.63,10671,RIA AUSTRAL  S.A.,"Vicente Perez Rosales 713, Llanquihue",Llanquihue,,
444,321.95,10671,RIA AUSTRAL  S.A.,"Vicente Perez Rosales 713, Llanquihue",Llanquihue,,
445,320.33,10671,RIA AUSTRAL  S.A.,"Vicente Perez Rosales 713, Llanquihue",Llanquihue,,
446,1074.32,10671,RIA AUSTRAL  S.A.,"Vicente Perez Rosales 713, Llanquihue",Llanquihue,,
447,1264.71,10671,RIA AUSTRAL  S.A.,"Vicente Perez Rosales 713, Llanquihue",Llanquihue,,
448,1316.376,10671,RIA AUSTRAL  S.A.,"Vicente Perez Rosales 713, Llanquihue",Llanquihue,,
449,274.14,10671,RIA AUSTRAL  S.A.,"Vicente Perez Rosales 713, Llanquihue",Llanquihue,,
450,274.6,10671,RIA AUSTRAL  S.A.,"Vicente Perez Rosales 713, Llanquihue",Llanquihue,,
451,34.74,10671,RIA AUSTRAL  S.A.,"Vicente Perez Rosales 713, Llanquihue",Llanquihue,,
452,774.9,10671,RIA AUSTRAL  S.A.,"Vicente Perez Rosales 713, Llanquihue",Llanquihue,,
453,615.01,10671,RIA AUSTRAL  S.A.,"Vicente Perez Rosales 713, Llanquihue",Llanquihue,,
454,734.34,10671,RIA AUSTRAL  S.A.,"Vicente Perez Rosales 713, Llanquihue",Llanquihue,,
455,176.72,10671,RIA AUSTRAL  S.A.,"Vicente Perez Rosales 713, Llanquihue",Llanquihue,,
456,114.36,10671,RIA AUSTRAL  S.A.,"Vicente Perez Rosales 713, Llanquihue",Llanquihue,,
457,688.64,10671,RIA AUSTRAL  S.A.,"Vicente Perez Rosales 713, Llanquihue",Llanquihue,,
458,2295.19,10671,RIA AUSTRAL  S.A.,"Vicente Perez Rosales 713, Llanquihue",Llanquihue,,
459,47.2,10671,RIA AUSTRAL  S.A.,"Vicente Perez Rosales 713, Llanquihue",Llanquihue,,
460,1571.4,10671,RIA AUSTRAL  S.A.,"Vicente Perez Rosales 713, Llanquihue",Llanquihue,,
461,77.97,10671,RIA AUSTRAL  S.A.,"Vicente Perez Rosales 713, Llanquihue",Llanquihue,,
462,12.35,10671,RIA AUSTRAL  S.A.,"Vicente Perez Rosales 713, Llanquihue",Llanquihue,,
463,57.519999999999996,10671,RIA AUSTRAL  S.A.,"Vicente Perez Rosales 713, Llanquihue",Llanquihue,,
464,116.73,10671,RIA AUSTRAL  S.A.,"Vicente Perez Rosales 713, Llanquihue",Llanquihue,,
465,2.0,10930,SAN AGUSTIN SEAFOOD SPA,Rosario Central S/n Camino Calbuco,Calbuco,-73.136699,-41.740983
466,27066.667,10937,SOCIEDAD PESQUERA LANDES S.A.,"Astillero Sin Numero, Comuna De Dalcahue",Dalcahue,-73.67068,-42.39003
467,11.6,10891,SOCIEDAD PROA LTDA.,Javiera Carrera 145,Dalcahue,-73.6433333333333,-42.3777777777778
468,796.5,10891,SOCIEDAD PROA LTDA.,Javiera Carrera 145,Dalcahue,-73.6433333333333,-42.3777777777778
469,10.0,10752,ST. ANDREWS SMOKY DELICACIES S.A,"Huitauque S/n, Chonchi ,chiloé, Región De Los Lagos",Castro,-73.7897222222222,-42.6155555555556
470,18.0,10752,ST. ANDREWS SMOKY DELICACIES S.A,"Huitauque S/n, Chonchi ,chiloé, Región De Los Lagos",Castro,-73.7897222222222,-42.6155555555556
471,249.0,10752,ST. ANDREWS SMOKY DELICACIES S.A,"Huitauque S/n, Chonchi ,chiloé, Región De Los Lagos",Castro,-73.7897222222222,-42.6155555555556
472,73.0,10752,ST. ANDREWS SMOKY DELICACIES S.A,"Huitauque S/n, Chonchi ,chiloé, Región De Los Lagos",Castro,-73.7897222222222,-42.6155555555556
473,60.0,10752,ST. ANDREWS SMOKY DELICACIES S.A,"Huitauque S/n, Chonchi ,chiloé, Región De Los Lagos",Castro,-73.7897222222222,-42.6155555555556
474,457.0,10752,ST. ANDREWS SMOKY DELICACIES S.A,"Huitauque S/n, Chonchi ,chiloé, Región De Los Lagos",Castro,-73.7897222222222,-42.6155555555556
475,10.0,10752,ST. ANDREWS SMOKY DELICACIES S.A,"Huitauque S/n, Chonchi ,chiloé, Región De Los Lagos",Castro,-73.7897222222222,-42.6155555555556
476,125.0,10752,ST. ANDREWS SMOKY DELICACIES S.A,"Huitauque S/n, Chonchi ,chiloé, Región De Los Lagos",Castro,-73.7897222222222,-42.6155555555556
477,82.0,10752,ST. ANDREWS SMOKY DELICACIES S.A,"Huitauque S/n, Chonchi ,chiloé, Región De Los Lagos",Castro,-73.7897222222222,-42.6155555555556
478,23.0,10752,ST. ANDREWS SMOKY DELICACIES S.A,"Huitauque S/n, Chonchi ,chiloé, Región De Los Lagos",Castro,-73.7897222222222,-42.6155555555556
479,46.0,10752,ST. ANDREWS SMOKY DELICACIES S.A,"Huitauque S/n, Chonchi ,chiloé, Región De Los Lagos",Castro,-73.7897222222222,-42.6155555555556
480,50.0,10752,ST. ANDREWS SMOKY DELICACIES S.A,"Huitauque S/n, Chonchi ,chiloé, Región De Los Lagos",Castro,-73.7897222222222,-42.6155555555556
481,460.0,10752,ST. ANDREWS SMOKY DELICACIES S.A,"Huitauque S/n, Chonchi ,chiloé, Región De Los Lagos",Castro,-73.7897222222222,-42.6155555555556
482,56.0,10752,ST. ANDREWS SMOKY DELICACIES S.A,"Huitauque S/n, Chonchi ,chiloé, Región De Los Lagos",Castro,-73.7897222222222,-42.6155555555556
483,46.0,10752,ST. ANDREWS SMOKY DELICACIES S.A,"Huitauque S/n, Chonchi ,chiloé, Región De Los Lagos",Castro,-73.7897222222222,-42.6155555555556
484,94.0,10752,ST. ANDREWS SMOKY DELICACIES S.A,"Huitauque S/n, Chonchi ,chiloé, Región De Los Lagos",Castro,-73.7897222222222,-42.6155555555556
485,310.0,10752,ST. ANDREWS SMOKY DELICACIES S.A,"Huitauque S/n, Chonchi ,chiloé, Región De Los Lagos",Castro,-73.7897222222222,-42.6155555555556
486,938.4,10752,ST. ANDREWS SMOKY DELICACIES S.A,"Huitauque S/n, Chonchi ,chiloé, Región De Los Lagos",Castro,-73.7897222222222,-42.6155555555556
487,58.0,10752,ST. ANDREWS SMOKY DELICACIES S.A,"Huitauque S/n, Chonchi ,chiloé, Región De Los Lagos",Castro,-73.7897222222222,-42.6155555555556
488,220.0,10752,ST. ANDREWS SMOKY DELICACIES S.A,"Huitauque S/n, Chonchi ,chiloé, Región De Los Lagos",Castro,-73.7897222222222,-42.6155555555556
489,10.0,10752,ST. ANDREWS SMOKY DELICACIES S.A,"Huitauque S/n, Chonchi ,chiloé, Región De Los Lagos",Castro,-73.7897222222222,-42.6155555555556
490,19.0,10752,ST. ANDREWS SMOKY DELICACIES S.A,"Huitauque S/n, Chonchi ,chiloé, Región De Los Lagos",Castro,-73.7897222222222,-42.6155555555556
491,204.0,10752,ST. ANDREWS SMOKY DELICACIES S.A,"Huitauque S/n, Chonchi ,chiloé, Región De Los Lagos",Castro,-73.7897222222222,-42.6155555555556
492,10.0,10752,ST. ANDREWS SMOKY DELICACIES S.A,"Huitauque S/n, Chonchi ,chiloé, Región De Los Lagos",Castro,-73.7897222222222,-42.6155555555556
493,250.0,10752,ST. ANDREWS SMOKY DELICACIES S.A,"Huitauque S/n, Chonchi ,chiloé, Región De Los Lagos",Castro,-73.7897222222222,-42.6155555555556
494,40.0,10752,ST. ANDREWS SMOKY DELICACIES S.A,"Huitauque S/n, Chonchi ,chiloé, Región De Los Lagos",Castro,-73.7897222222222,-42.6155555555556
495,60.0,10752,ST. ANDREWS SMOKY DELICACIES S.A,"Huitauque S/n, Chonchi ,chiloé, Región De Los Lagos",Castro,-73.7897222222222,-42.6155555555556
496,82.0,10752,ST. ANDREWS SMOKY DELICACIES S.A,"Huitauque S/n, Chonchi ,chiloé, Región De Los Lagos",Castro,-73.7897222222222,-42.6155555555556
497,1128.6,10752,ST. ANDREWS SMOKY DELICACIES S.A,"Huitauque S/n, Chonchi ,chiloé, Región De Los Lagos",Castro,-73.7897222222222,-42.6155555555556
498,10.0,10752,ST. ANDREWS SMOKY DELICACIES S.A,"Huitauque S/n, Chonchi ,chiloé, Región De Los Lagos",Castro,-73.7897222222222,-42.6155555555556
499,10.0,10752,ST. ANDREWS SMOKY DELICACIES S.A,"Huitauque S/n, Chonchi ,chiloé, Región De Los Lagos",Castro,-73.7897222222222,-42.6155555555556
500,54.0,10752,ST. ANDREWS SMOKY DELICACIES S.A,"Huitauque S/n, Chonchi ,chiloé, Región De Los Lagos",Castro,-73.7897222222222,-42.6155555555556
501,286.7,10752,ST. ANDREWS SMOKY DELICACIES S.A,"Huitauque S/n, Chonchi ,chiloé, Región De Los Lagos",Castro,-73.7897222222222,-42.6155555555556
502,1170.0,10752,ST. ANDREWS SMOKY DELICACIES S.A,"Huitauque S/n, Chonchi ,chiloé, Región De Los Lagos",Castro,-73.7897222222222,-42.6155555555556
503,3175.6,10752,ST. ANDREWS SMOKY DELICACIES S.A,"Huitauque S/n, Chonchi ,chiloé, Región De Los Lagos",Castro,-73.7897222222222,-42.6155555555556
504,80.0,10752,ST. ANDREWS SMOKY DELICACIES S.A,"Huitauque S/n, Chonchi ,chiloé, Región De Los Lagos",Castro,-73.7897222222222,-42.6155555555556
505,50.0,10752,ST. ANDREWS SMOKY DELICACIES S.A,"Huitauque S/n, Chonchi ,chiloé, Región De Los Lagos",Castro,-73.7897222222222,-42.6155555555556
506,30.0,10752,ST. ANDREWS SMOKY DELICACIES S.A,"Huitauque S/n, Chonchi ,chiloé, Región De Los Lagos",Castro,-73.7897222222222,-42.6155555555556
507,30.0,10752,ST. ANDREWS SMOKY DELICACIES S.A,"Huitauque S/n, Chonchi ,chiloé, Región De Los Lagos",Castro,-73.7897222222222,-42.6155555555556
508,40.0,10752,ST. ANDREWS SMOKY DELICACIES S.A,"Huitauque S/n, Chonchi ,chiloé, Región De Los Lagos",Castro,-73.7897222222222,-42.6155555555556
509,30.0,10752,ST. ANDREWS SMOKY DELICACIES S.A,"Huitauque S/n, Chonchi ,chiloé, Región De Los Lagos",Castro,-73.7897222222222,-42.6155555555556
510,47.0,10752,ST. ANDREWS SMOKY DELICACIES S.A,"Huitauque S/n, Chonchi ,chiloé, Región De Los Lagos",Castro,-73.7897222222222,-42.6155555555556
511,279.2,10752,ST. ANDREWS SMOKY DELICACIES S.A,"Huitauque S/n, Chonchi ,chiloé, Región De Los Lagos",Castro,-73.7897222222222,-42.6155555555556
512,90.0,10752,ST. ANDREWS SMOKY DELICACIES S.A,"Huitauque S/n, Chonchi ,chiloé, Región De Los Lagos",Castro,-73.7897222222222,-42.6155555555556
513,80.0,10752,ST. ANDREWS SMOKY DELICACIES S.A,"Huitauque S/n, Chonchi ,chiloé, Región De Los Lagos",Castro,-73.7897222222222,-42.6155555555556
514,963.4,10752,ST. ANDREWS SMOKY DELICACIES S.A,"Huitauque S/n, Chonchi ,chiloé, Región De Los Lagos",Castro,-73.7897222222222,-42.6155555555556
515,10.0,10752,ST. ANDREWS SMOKY DELICACIES S.A,"Huitauque S/n, Chonchi ,chiloé, Región De Los Lagos",Castro,-73.7897222222222,-42.6155555555556
516,60.0,10752,ST. ANDREWS SMOKY DELICACIES S.A,"Huitauque S/n, Chonchi ,chiloé, Región De Los Lagos",Castro,-73.7897222222222,-42.6155555555556
517,56.0,10752,ST. ANDREWS SMOKY DELICACIES S.A,"Huitauque S/n, Chonchi ,chiloé, Región De Los Lagos",Castro,-73.7897222222222,-42.6155555555556
518,50.0,10752,ST. ANDREWS SMOKY DELICACIES S.A,"Huitauque S/n, Chonchi ,chiloé, Región De Los Lagos",Castro,-73.7897222222222,-42.6155555555556
519,20.0,10752,ST. ANDREWS SMOKY DELICACIES S.A,"Huitauque S/n, Chonchi ,chiloé, Región De Los Lagos",Castro,-73.7897222222222,-42.6155555555556
520,50.0,10752,ST. ANDREWS SMOKY DELICACIES S.A,"Huitauque S/n, Chonchi ,chiloé, Región De Los Lagos",Castro,-73.7897222222222,-42.6155555555556
521,30.0,10752,ST. ANDREWS SMOKY DELICACIES S.A,"Huitauque S/n, Chonchi ,chiloé, Región De Los Lagos",Castro,-73.7897222222222,-42.6155555555556
522,20.0,10752,ST. ANDREWS SMOKY DELICACIES S.A,"Huitauque S/n, Chonchi ,chiloé, Región De Los Lagos",Castro,-73.7897222222222,-42.6155555555556
523,120.0,10752,ST. ANDREWS SMOKY DELICACIES S.A,"Huitauque S/n, Chonchi ,chiloé, Región De Los Lagos",Castro,-73.7897222222222,-42.6155555555556
524,30.0,10752,ST. ANDREWS SMOKY DELICACIES S.A,"Huitauque S/n, Chonchi ,chiloé, Región De Los Lagos",Castro,-73.7897222222222,-42.6155555555556
525,100.0,10752,ST. ANDREWS SMOKY DELICACIES S.A,"Huitauque S/n, Chonchi ,chiloé, Región De Los Lagos",Castro,-73.7897222222222,-42.6155555555556
526,50.0,10752,ST. ANDREWS SMOKY DELICACIES S.A,"Huitauque S/n, Chonchi ,chiloé, Región De Los Lagos",Castro,-73.7897222222222,-42.6155555555556
527,10.0,10752,ST. ANDREWS SMOKY DELICACIES S.A,"Huitauque S/n, Chonchi ,chiloé, Región De Los Lagos",Castro,-73.7897222222222,-42.6155555555556
528,70.0,10752,ST. ANDREWS SMOKY DELICACIES S.A,"Huitauque S/n, Chonchi ,chiloé, Región De Los Lagos",Castro,-73.7897222222222,-42.6155555555556
529,480.0,10752,ST. ANDREWS SMOKY DELICACIES S.A,"Huitauque S/n, Chonchi ,chiloé, Región De Los Lagos",Castro,-73.7897222222222,-42.6155555555556
530,74.0,10752,ST. ANDREWS SMOKY DELICACIES S.A,"Huitauque S/n, Chonchi ,chiloé, Región De Los Lagos",Castro,-73.7897222222222,-42.6155555555556
531,33.0,10752,ST. ANDREWS SMOKY DELICACIES S.A,"Huitauque S/n, Chonchi ,chiloé, Región De Los Lagos",Castro,-73.7897222222222,-42.6155555555556
532,40.0,10752,ST. ANDREWS SMOKY DELICACIES S.A,"Huitauque S/n, Chonchi ,chiloé, Región De Los Lagos",Castro,-73.7897222222222,-42.6155555555556
533,468.1,10752,ST. ANDREWS SMOKY DELICACIES S.A,"Huitauque S/n, Chonchi ,chiloé, Región De Los Lagos",Castro,-73.7897222222222,-42.6155555555556
534,1782.2,10752,ST. ANDREWS SMOKY DELICACIES S.A,"Huitauque S/n, Chonchi ,chiloé, Región De Los Lagos",Castro,-73.7897222222222,-42.6155555555556
535,10.0,10752,ST. ANDREWS SMOKY DELICACIES S.A,"Huitauque S/n, Chonchi ,chiloé, Región De Los Lagos",Castro,-73.7897222222222,-42.6155555555556
536,140.0,10752,ST. ANDREWS SMOKY DELICACIES S.A,"Huitauque S/n, Chonchi ,chiloé, Región De Los Lagos",Castro,-73.7897222222222,-42.6155555555556
537,10.0,10752,ST. ANDREWS SMOKY DELICACIES S.A,"Huitauque S/n, Chonchi ,chiloé, Región De Los Lagos",Castro,-73.7897222222222,-42.6155555555556
538,440.2,10752,ST. ANDREWS SMOKY DELICACIES S.A,"Huitauque S/n, Chonchi ,chiloé, Región De Los Lagos",Castro,-73.7897222222222,-42.6155555555556
539,120.0,10752,ST. ANDREWS SMOKY DELICACIES S.A,"Huitauque S/n, Chonchi ,chiloé, Región De Los Lagos",Castro,-73.7897222222222,-42.6155555555556
540,10.0,10752,ST. ANDREWS SMOKY DELICACIES S.A,"Huitauque S/n, Chonchi ,chiloé, Región De Los Lagos",Castro,-73.7897222222222,-42.6155555555556
541,46.0,10752,ST. ANDREWS SMOKY DELICACIES S.A,"Huitauque S/n, Chonchi ,chiloé, Región De Los Lagos",Castro,-73.7897222222222,-42.6155555555556
542,176.8,10752,ST. ANDREWS SMOKY DELICACIES S.A,"Huitauque S/n, Chonchi ,chiloé, Región De Los Lagos",Castro,-73.7897222222222,-42.6155555555556
543,872.9,10752,ST. ANDREWS SMOKY DELICACIES S.A,"Huitauque S/n, Chonchi ,chiloé, Región De Los Lagos",Castro,-73.7897222222222,-42.6155555555556
544,430.7,10752,ST. ANDREWS SMOKY DELICACIES S.A,"Huitauque S/n, Chonchi ,chiloé, Región De Los Lagos",Castro,-73.7897222222222,-42.6155555555556
545,70.0,10752,ST. ANDREWS SMOKY DELICACIES S.A,"Huitauque S/n, Chonchi ,chiloé, Región De Los Lagos",Castro,-73.7897222222222,-42.6155555555556
546,340.1,10752,ST. ANDREWS SMOKY DELICACIES S.A,"Huitauque S/n, Chonchi ,chiloé, Región De Los Lagos",Castro,-73.7897222222222,-42.6155555555556
547,580.0,10752,ST. ANDREWS SMOKY DELICACIES S.A,"Huitauque S/n, Chonchi ,chiloé, Región De Los Lagos",Castro,-73.7897222222222,-42.6155555555556
548,575.0,10752,ST. ANDREWS SMOKY DELICACIES S.A,"Huitauque S/n, Chonchi ,chiloé, Región De Los Lagos",Castro,-73.7897222222222,-42.6155555555556
549,10.0,10752,ST. ANDREWS SMOKY DELICACIES S.A,"Huitauque S/n, Chonchi ,chiloé, Región De Los Lagos",Castro,-73.7897222222222,-42.6155555555556
550,1608.2,10752,ST. ANDREWS SMOKY DELICACIES S.A,"Huitauque S/n, Chonchi ,chiloé, Región De Los Lagos",Castro,-73.7897222222222,-42.6155555555556
551,3335.4,10752,ST. ANDREWS SMOKY DELICACIES S.A,"Huitauque S/n, Chonchi ,chiloé, Región De Los Lagos",Castro,-73.7897222222222,-42.6155555555556
552,60.0,10752,ST. ANDREWS SMOKY DELICACIES S.A,"Huitauque S/n, Chonchi ,chiloé, Región De Los Lagos",Castro,-73.7897222222222,-42.6155555555556
553,110.0,10752,ST. ANDREWS SMOKY DELICACIES S.A,"Huitauque S/n, Chonchi ,chiloé, Región De Los Lagos",Castro,-73.7897222222222,-42.6155555555556
554,56.5,10752,ST. ANDREWS SMOKY DELICACIES S.A,"Huitauque S/n, Chonchi ,chiloé, Región De Los Lagos",Castro,-73.7897222222222,-42.6155555555556
555,860.7,10752,ST. ANDREWS SMOKY DELICACIES S.A,"Huitauque S/n, Chonchi ,chiloé, Región De Los Lagos",Castro,-73.7897222222222,-42.6155555555556
556,191.0,10752,ST. ANDREWS SMOKY DELICACIES S.A,"Huitauque S/n, Chonchi ,chiloé, Región De Los Lagos",Castro,-73.7897222222222,-42.6155555555556
557,46.0,10752,ST. ANDREWS SMOKY DELICACIES S.A,"Huitauque S/n, Chonchi ,chiloé, Región De Los Lagos",Castro,-73.7897222222222,-42.6155555555556
558,748.2,10752,ST. ANDREWS SMOKY DELICACIES S.A,"Huitauque S/n, Chonchi ,chiloé, Región De Los Lagos",Castro,-73.7897222222222,-42.6155555555556
559,10.0,10752,ST. ANDREWS SMOKY DELICACIES S.A,"Huitauque S/n, Chonchi ,chiloé, Región De Los Lagos",Castro,-73.7897222222222,-42.6155555555556
560,635.4,10752,ST. ANDREWS SMOKY DELICACIES S.A,"Huitauque S/n, Chonchi ,chiloé, Región De Los Lagos",Castro,-73.7897222222222,-42.6155555555556
561,70.0,10752,ST. ANDREWS SMOKY DELICACIES S.A,"Huitauque S/n, Chonchi ,chiloé, Región De Los Lagos",Castro,-73.7897222222222,-42.6155555555556
562,30.0,10752,ST. ANDREWS SMOKY DELICACIES S.A,"Huitauque S/n, Chonchi ,chiloé, Región De Los Lagos",Castro,-73.7897222222222,-42.6155555555556
563,50.0,10752,ST. ANDREWS SMOKY DELICACIES S.A,"Huitauque S/n, Chonchi ,chiloé, Región De Los Lagos",Castro,-73.7897222222222,-42.6155555555556
564,170.0,10752,ST. ANDREWS SMOKY DELICACIES S.A,"Huitauque S/n, Chonchi ,chiloé, Región De Los Lagos",Castro,-73.7897222222222,-42.6155555555556
565,70.0,10752,ST. ANDREWS SMOKY DELICACIES S.A,"Huitauque S/n, Chonchi ,chiloé, Región De Los Lagos",Castro,-73.7897222222222,-42.6155555555556
566,624.6,10752,ST. ANDREWS SMOKY DELICACIES S.A,"Huitauque S/n, Chonchi ,chiloé, Región De Los Lagos",Castro,-73.7897222222222,-42.6155555555556
567,228.0,10752,ST. ANDREWS SMOKY DELICACIES S.A,"Huitauque S/n, Chonchi ,chiloé, Región De Los Lagos",Castro,-73.7897222222222,-42.6155555555556
568,256.0,10752,ST. ANDREWS SMOKY DELICACIES S.A,"Huitauque S/n, Chonchi ,chiloé, Región De Los Lagos",Castro,-73.7897222222222,-42.6155555555556
569,471.2,10752,ST. ANDREWS SMOKY DELICACIES S.A,"Huitauque S/n, Chonchi ,chiloé, Región De Los Lagos",Castro,-73.7897222222222,-42.6155555555556
570,278.0,10752,ST. ANDREWS SMOKY DELICACIES S.A,"Huitauque S/n, Chonchi ,chiloé, Región De Los Lagos",Castro,-73.7897222222222,-42.6155555555556
571,2025.7,10752,ST. ANDREWS SMOKY DELICACIES S.A,"Huitauque S/n, Chonchi ,chiloé, Región De Los Lagos",Castro,-73.7897222222222,-42.6155555555556
572,670.0,10752,ST. ANDREWS SMOKY DELICACIES S.A,"Huitauque S/n, Chonchi ,chiloé, Región De Los Lagos",Castro,-73.7897222222222,-42.6155555555556
573,336.0,10752,ST. ANDREWS SMOKY DELICACIES S.A,"Huitauque S/n, Chonchi ,chiloé, Región De Los Lagos",Castro,-73.7897222222222,-42.6155555555556
574,139.0,10752,ST. ANDREWS SMOKY DELICACIES S.A,"Huitauque S/n, Chonchi ,chiloé, Región De Los Lagos",Castro,-73.7897222222222,-42.6155555555556
575,849.2,10752,ST. ANDREWS SMOKY DELICACIES S.A,"Huitauque S/n, Chonchi ,chiloé, Región De Los Lagos",Castro,-73.7897222222222,-42.6155555555556
576,277.0,10752,ST. ANDREWS SMOKY DELICACIES S.A,"Huitauque S/n, Chonchi ,chiloé, Región De Los Lagos",Castro,-73.7897222222222,-42.6155555555556
577,40.0,10752,ST. ANDREWS SMOKY DELICACIES S.A,"Huitauque S/n, Chonchi ,chiloé, Región De Los Lagos",Castro,-73.7897222222222,-42.6155555555556
578,295.0,10752,ST. ANDREWS SMOKY DELICACIES S.A,"Huitauque S/n, Chonchi ,chiloé, Región De Los Lagos",Castro,-73.7897222222222,-42.6155555555556
579,627.2,10752,ST. ANDREWS SMOKY DELICACIES S.A,"Huitauque S/n, Chonchi ,chiloé, Región De Los Lagos",Castro,-73.7897222222222,-42.6155555555556
580,20.0,10752,ST. ANDREWS SMOKY DELICACIES S.A,"Huitauque S/n, Chonchi ,chiloé, Región De Los Lagos",Castro,-73.7897222222222,-42.6155555555556
581,20.0,10752,ST. ANDREWS SMOKY DELICACIES S.A,"Huitauque S/n, Chonchi ,chiloé, Región De Los Lagos",Castro,-73.7897222222222,-42.6155555555556
582,60.0,10752,ST. ANDREWS SMOKY DELICACIES S.A,"Huitauque S/n, Chonchi ,chiloé, Región De Los Lagos",Castro,-73.7897222222222,-42.6155555555556
583,1634.0,10752,ST. ANDREWS SMOKY DELICACIES S.A,"Huitauque S/n, Chonchi ,chiloé, Región De Los Lagos",Castro,-73.7897222222222,-42.6155555555556
584,101.0,10752,ST. ANDREWS SMOKY DELICACIES S.A,"Huitauque S/n, Chonchi ,chiloé, Región De Los Lagos",Castro,-73.7897222222222,-42.6155555555556
585,279.455,10774,SUDMARIS CHILE S.A.,Sector Huenocoihue Rural S/n,Dalcahue,-73.6697222222222,-42.3894444444444
586,568.807,10774,SUDMARIS CHILE S.A.,Sector Huenocoihue Rural S/n,Dalcahue,-73.6697222222222,-42.3894444444444
587,49.391,10774,SUDMARIS CHILE S.A.,Sector Huenocoihue Rural S/n,Dalcahue,-73.6697222222222,-42.3894444444444
588,123.332,10774,SUDMARIS CHILE S.A.,Sector Huenocoihue Rural S/n,Dalcahue,-73.6697222222222,-42.3894444444444
589,165.007,10774,SUDMARIS CHILE S.A.,Sector Huenocoihue Rural S/n,Dalcahue,-73.6697222222222,-42.3894444444444
590,138.242,10774,SUDMARIS CHILE S.A.,Sector Huenocoihue Rural S/n,Dalcahue,-73.6697222222222,-42.3894444444444
591,30.805999999999997,10774,SUDMARIS CHILE S.A.,Sector Huenocoihue Rural S/n,Dalcahue,-73.6697222222222,-42.3894444444444
592,2834.503,10774,SUDMARIS CHILE S.A.,Sector Huenocoihue Rural S/n,Dalcahue,-73.6697222222222,-42.3894444444444
593,30.22,10774,SUDMARIS CHILE S.A.,Sector Huenocoihue Rural S/n,Dalcahue,-73.6697222222222,-42.3894444444444
594,73.184,10774,SUDMARIS CHILE S.A.,Sector Huenocoihue Rural S/n,Dalcahue,-73.6697222222222,-42.3894444444444
595,272.962,10774,SUDMARIS CHILE S.A.,Sector Huenocoihue Rural S/n,Dalcahue,-73.6697222222222,-42.3894444444444
596,125.209,10774,SUDMARIS CHILE S.A.,Sector Huenocoihue Rural S/n,Dalcahue,-73.6697222222222,-42.3894444444444
597,110.627,10774,SUDMARIS CHILE S.A.,Sector Huenocoihue Rural S/n,Dalcahue,-73.6697222222222,-42.3894444444444
598,84.596,10774,SUDMARIS CHILE S.A.,Sector Huenocoihue Rural S/n,Dalcahue,-73.6697222222222,-42.3894444444444
599,3201.034,10774,SUDMARIS CHILE S.A.,Sector Huenocoihue Rural S/n,Dalcahue,-73.6697222222222,-42.3894444444444
600,457.56600000000003,10774,SUDMARIS CHILE S.A.,Sector Huenocoihue Rural S/n,Dalcahue,-73.6697222222222,-42.3894444444444
601,357.128,10774,SUDMARIS CHILE S.A.,Sector Huenocoihue Rural S/n,Dalcahue,-73.6697222222222,-42.3894444444444
602,84.048,10774,SUDMARIS CHILE S.A.,Sector Huenocoihue Rural S/n,Dalcahue,-73.6697222222222,-42.3894444444444
603,73.056,10774,SUDMARIS CHILE S.A.,Sector Huenocoihue Rural S/n,Dalcahue,-73.6697222222222,-42.3894444444444
604,413.681,10774,SUDMARIS CHILE S.A.,Sector Huenocoihue Rural S/n,Dalcahue,-73.6697222222222,-42.3894444444444
605,9.755,10774,SUDMARIS CHILE S.A.,Sector Huenocoihue Rural S/n,Dalcahue,-73.6697222222222,-42.3894444444444
606,319.018,10774,SUDMARIS CHILE S.A.,Sector Huenocoihue Rural S/n,Dalcahue,-73.6697222222222,-42.3894444444444
607,451.101,10774,SUDMARIS CHILE S.A.,Sector Huenocoihue Rural S/n,Dalcahue,-73.6697222222222,-42.3894444444444
608,668.665,10774,SUDMARIS CHILE S.A.,Sector Huenocoihue Rural S/n,Dalcahue,-73.6697222222222,-42.3894444444444
609,74.865,10774,SUDMARIS CHILE S.A.,Sector Huenocoihue Rural S/n,Dalcahue,-73.6697222222222,-42.3894444444444
610,717.624,10774,SUDMARIS CHILE S.A.,Sector Huenocoihue Rural S/n,Dalcahue,-73.6697222222222,-42.3894444444444
611,31.408,10774,SUDMARIS CHILE S.A.,Sector Huenocoihue Rural S/n,Dalcahue,-73.6697222222222,-42.3894444444444
612,20.149,10774,SUDMARIS CHILE S.A.,Sector Huenocoihue Rural S/n,Dalcahue,-73.6697222222222,-42.3894444444444
613,103.917,10774,SUDMARIS CHILE S.A.,Sector Huenocoihue Rural S/n,Dalcahue,-73.6697222222222,-42.3894444444444
614,259.887,10774,SUDMARIS CHILE S.A.,Sector Huenocoihue Rural S/n,Dalcahue,-73.6697222222222,-42.3894444444444
615,912.897,10774,SUDMARIS CHILE S.A.,Sector Huenocoihue Rural S/n,Dalcahue,-73.6697222222222,-42.3894444444444
616,9.377,10774,SUDMARIS CHILE S.A.,Sector Huenocoihue Rural S/n,Dalcahue,-73.6697222222222,-42.3894444444444
617,217.145,10774,SUDMARIS CHILE S.A.,Sector Huenocoihue Rural S/n,Dalcahue,-73.6697222222222,-42.3894444444444
618,688.112,10774,SUDMARIS CHILE S.A.,Sector Huenocoihue Rural S/n,Dalcahue,-73.6697222222222,-42.3894444444444
619,481.341,10774,SUDMARIS CHILE S.A.,Sector Huenocoihue Rural S/n,Dalcahue,-73.6697222222222,-42.3894444444444
620,77.968,10774,SUDMARIS CHILE S.A.,Sector Huenocoihue Rural S/n,Dalcahue,-73.6697222222222,-42.3894444444444
621,564.967,10774,SUDMARIS CHILE S.A.,Sector Huenocoihue Rural S/n,Dalcahue,-73.6697222222222,-42.3894444444444
622,354.604,10774,SUDMARIS CHILE S.A.,Sector Huenocoihue Rural S/n,Dalcahue,-73.6697222222222,-42.3894444444444
623,1340.224,10774,SUDMARIS CHILE S.A.,Sector Huenocoihue Rural S/n,Dalcahue,-73.6697222222222,-42.3894444444444
624,1938.435,10774,SUDMARIS CHILE S.A.,Sector Huenocoihue Rural S/n,Dalcahue,-73.6697222222222,-42.3894444444444
625,81.175,10774,SUDMARIS CHILE S.A.,Sector Huenocoihue Rural S/n,Dalcahue,-73.6697222222222,-42.3894444444444
626,1049.983,10774,SUDMARIS CHILE S.A.,Sector Huenocoihue Rural S/n,Dalcahue,-73.6697222222222,-42.3894444444444
627,240.563,10774,SUDMARIS CHILE S.A.,Sector Huenocoihue Rural S/n,Dalcahue,-73.6697222222222,-42.3894444444444
628,10.354,10774,SUDMARIS CHILE S.A.,Sector Huenocoihue Rural S/n,Dalcahue,-73.6697222222222,-42.3894444444444
629,706.55,10774,SUDMARIS CHILE S.A.,Sector Huenocoihue Rural S/n,Dalcahue,-73.6697222222222,-42.3894444444444
630,563.303,10774,SUDMARIS CHILE S.A.,Sector Huenocoihue Rural S/n,Dalcahue,-73.6697222222222,-42.3894444444444
631,181.561,10774,SUDMARIS CHILE S.A.,Sector Huenocoihue Rural S/n,Dalcahue,-73.6697222222222,-42.3894444444444
632,42.102000000000004,10774,SUDMARIS CHILE S.A.,Sector Huenocoihue Rural S/n,Dalcahue,-73.6697222222222,-42.3894444444444
633,106.22,10648,TORALLA S.A.,Camino A Queilen Km. 6 Chonchi,Castro,-73.7244444444444,-42.6555555555556
634,162.8,10648,TORALLA S.A.,Camino A Queilen Km. 6 Chonchi,Castro,-73.7244444444444,-42.6555555555556
635,67.15,10648,TORALLA S.A.,Camino A Queilen Km. 6 Chonchi,Castro,-73.7244444444444,-42.6555555555556
636,52.68,10648,TORALLA S.A.,Camino A Queilen Km. 6 Chonchi,Castro,-73.7244444444444,-42.6555555555556
637,49.68000000000001,10648,TORALLA S.A.,Camino A Queilen Km. 6 Chonchi,Castro,-73.7244444444444,-42.6555555555556
638,156.24,10648,TORALLA S.A.,Camino A Queilen Km. 6 Chonchi,Castro,-73.7244444444444,-42.6555555555556
639,780.73,10648,TORALLA S.A.,Camino A Queilen Km. 6 Chonchi,Castro,-73.7244444444444,-42.6555555555556
640,104.49,10648,TORALLA S.A.,Camino A Queilen Km. 6 Chonchi,Castro,-73.7244444444444,-42.6555555555556
641,50.25,10648,TORALLA S.A.,Camino A Queilen Km. 6 Chonchi,Castro,-73.7244444444444,-42.6555555555556
642,43.58,10648,TORALLA S.A.,Camino A Queilen Km. 6 Chonchi,Castro,-73.7244444444444,-42.6555555555556
643,388.86,10648,TORALLA S.A.,Camino A Queilen Km. 6 Chonchi,Castro,-73.7244444444444,-42.6555555555556
644,10.22,10648,TORALLA S.A.,Camino A Queilen Km. 6 Chonchi,Castro,-73.7244444444444,-42.6555555555556
645,1050.47,10648,TORALLA S.A.,Camino A Queilen Km. 6 Chonchi,Castro,-73.7244444444444,-42.6555555555556
646,1492.7,10648,TORALLA S.A.,Camino A Queilen Km. 6 Chonchi,Castro,-73.7244444444444,-42.6555555555556
647,210.74,10648,TORALLA S.A.,Camino A Queilen Km. 6 Chonchi,Castro,-73.7244444444444,-42.6555555555556
648,133.85,10648,TORALLA S.A.,Camino A Queilen Km. 6 Chonchi,Castro,-73.7244444444444,-42.6555555555556
649,44.44,10648,TORALLA S.A.,Camino A Queilen Km. 6 Chonchi,Castro,-73.7244444444444,-42.6555555555556
650,86.66,10648,TORALLA S.A.,Camino A Queilen Km. 6 Chonchi,Castro,-73.7244444444444,-42.6555555555556
651,44.92,10648,TORALLA S.A.,Camino A Queilen Km. 6 Chonchi,Castro,-73.7244444444444,-42.6555555555556
652,260.87,10648,TORALLA S.A.,Camino A Queilen Km. 6 Chonchi,Castro,-73.7244444444444,-42.6555555555556
653,467.83,10648,TORALLA S.A.,Camino A Queilen Km. 6 Chonchi,Castro,-73.7244444444444,-42.6555555555556
654,760.38,10648,TORALLA S.A.,Camino A Queilen Km. 6 Chonchi,Castro,-73.7244444444444,-42.6555555555556
655,518.88,10648,TORALLA S.A.,Camino A Queilen Km. 6 Chonchi,Castro,-73.7244444444444,-42.6555555555556
656,530.39,10648,TORALLA S.A.,Camino A Queilen Km. 6 Chonchi,Castro,-73.7244444444444,-42.6555555555556
657,120.0,10034,"TRANS ANTARTIC, PESQUERA LTDA.","Camino A Chinquihue Km. 6, Puerto Montt",Puerto Montt,,
658,10.0,10034,"TRANS ANTARTIC, PESQUERA LTDA.","Camino A Chinquihue Km. 6, Puerto Montt",Puerto Montt,,
659,20.0,10034,"TRANS ANTARTIC, PESQUERA LTDA.","Camino A Chinquihue Km. 6, Puerto Montt",Puerto Montt,,
660,10.0,10034,"TRANS ANTARTIC, PESQUERA LTDA.","Camino A Chinquihue Km. 6, Puerto Montt",Puerto Montt,,
661,9.0,10034,"TRANS ANTARTIC, PESQUERA LTDA.","Camino A Chinquihue Km. 6, Puerto Montt",Puerto Montt,,
662,10.0,10034,"TRANS ANTARTIC, PESQUERA LTDA.","Camino A Chinquihue Km. 6, Puerto Montt",Puerto Montt,,
663,20.0,10034,"TRANS ANTARTIC, PESQUERA LTDA.","Camino A Chinquihue Km. 6, Puerto Montt",Puerto Montt,,
664,90.0,10034,"TRANS ANTARTIC, PESQUERA LTDA.","Camino A Chinquihue Km. 6, Puerto Montt",Puerto Montt,,
665,72.0,10034,"TRANS ANTARTIC, PESQUERA LTDA.","Camino A Chinquihue Km. 6, Puerto Montt",Puerto Montt,,
666,60.0,10034,"TRANS ANTARTIC, PESQUERA LTDA.","Camino A Chinquihue Km. 6, Puerto Montt",Puerto Montt,,
667,53.5,10034,"TRANS ANTARTIC, PESQUERA LTDA.","Camino A Chinquihue Km. 6, Puerto Montt",Puerto Montt,,
668,19.655,10034,"TRANS ANTARTIC, PESQUERA LTDA.","Camino A Chinquihue Km. 6, Puerto Montt",Puerto Montt,,
669,220.0,10034,"TRANS ANTARTIC, PESQUERA LTDA.","Camino A Chinquihue Km. 6, Puerto Montt",Puerto Montt,,
670,10.0,10034,"TRANS ANTARTIC, PESQUERA LTDA.","Camino A Chinquihue Km. 6, Puerto Montt",Puerto Montt,,
671,200.0,10034,"TRANS ANTARTIC, PESQUERA LTDA.","Camino A Chinquihue Km. 6, Puerto Montt",Puerto Montt,,
672,20.0,10034,"TRANS ANTARTIC, PESQUERA LTDA.","Camino A Chinquihue Km. 6, Puerto Montt",Puerto Montt,,
673,10.0,10034,"TRANS ANTARTIC, PESQUERA LTDA.","Camino A Chinquihue Km. 6, Puerto Montt",Puerto Montt,,
674,124.5,10034,"TRANS ANTARTIC, PESQUERA LTDA.","Camino A Chinquihue Km. 6, Puerto Montt",Puerto Montt,,
675,200.0,10034,"TRANS ANTARTIC, PESQUERA LTDA.","Camino A Chinquihue Km. 6, Puerto Montt",Puerto Montt,,
676,11.0,10034,"TRANS ANTARTIC, PESQUERA LTDA.","Camino A Chinquihue Km. 6, Puerto Montt",Puerto Montt,,
677,9.0,10034,"TRANS ANTARTIC, PESQUERA LTDA.","Camino A Chinquihue Km. 6, Puerto Montt",Puerto Montt,,
678,40.0,10034,"TRANS ANTARTIC, PESQUERA LTDA.","Camino A Chinquihue Km. 6, Puerto Montt",Puerto Montt,,
679,70.0,10034,"TRANS ANTARTIC, PESQUERA LTDA.","Camino A Chinquihue Km. 6, Puerto Montt",Puerto Montt,,
680,10.0,10034,"TRANS ANTARTIC, PESQUERA LTDA.","Camino A Chinquihue Km. 6, Puerto Montt",Puerto Montt,,
681,20.0,10034,"TRANS ANTARTIC, PESQUERA LTDA.","Camino A Chinquihue Km. 6, Puerto Montt",Puerto Montt,,
682,340.0,10034,"TRANS ANTARTIC, PESQUERA LTDA.","Camino A Chinquihue Km. 6, Puerto Montt",Puerto Montt,,
683,130.0,10034,"TRANS ANTARTIC, PESQUERA LTDA.","Camino A Chinquihue Km. 6, Puerto Montt",Puerto Montt,,
684,60.0,10034,"TRANS ANTARTIC, PESQUERA LTDA.","Camino A Chinquihue Km. 6, Puerto Montt",Puerto Montt,,
685,80.0,10034,"TRANS ANTARTIC, PESQUERA LTDA.","Camino A Chinquihue Km. 6, Puerto Montt",Puerto Montt,,
686,170.0,10034,"TRANS ANTARTIC, PESQUERA LTDA.","Camino A Chinquihue Km. 6, Puerto Montt",Puerto Montt,,
687,50.0,10034,"TRANS ANTARTIC, PESQUERA LTDA.","Camino A Chinquihue Km. 6, Puerto Montt",Puerto Montt,,
688,120.0,10034,"TRANS ANTARTIC, PESQUERA LTDA.","Camino A Chinquihue Km. 6, Puerto Montt",Puerto Montt,,
689,50.0,10034,"TRANS ANTARTIC, PESQUERA LTDA.","Camino A Chinquihue Km. 6, Puerto Montt",Puerto Montt,,
690,226.3,10034,"TRANS ANTARTIC, PESQUERA LTDA.","Camino A Chinquihue Km. 6, Puerto Montt",Puerto Montt,,
691,132.0,10034,"TRANS ANTARTIC, PESQUERA LTDA.","Camino A Chinquihue Km. 6, Puerto Montt",Puerto Montt,,
692,70.0,10034,"TRANS ANTARTIC, PESQUERA LTDA.","Camino A Chinquihue Km. 6, Puerto Montt",Puerto Montt,,
693,630.0,10034,"TRANS ANTARTIC, PESQUERA LTDA.","Camino A Chinquihue Km. 6, Puerto Montt",Puerto Montt,,
694,430.0,10034,"TRANS ANTARTIC, PESQUERA LTDA.","Camino A Chinquihue Km. 6, Puerto Montt",Puerto Montt,,
695,20.0,10034,"TRANS ANTARTIC, PESQUERA LTDA.","Camino A Chinquihue Km. 6, Puerto Montt",Puerto Montt,,
696,20.0,10034,"TRANS ANTARTIC, PESQUERA LTDA.","Camino A Chinquihue Km. 6, Puerto Montt",Puerto Montt,,
697,36.0,10034,"TRANS ANTARTIC, PESQUERA LTDA.","Camino A Chinquihue Km. 6, Puerto Montt",Puerto Montt,,
698,1380.0,10034,"TRANS ANTARTIC, PESQUERA LTDA.","Camino A Chinquihue Km. 6, Puerto Montt",Puerto Montt,,
699,30.0,10034,"TRANS ANTARTIC, PESQUERA LTDA.","Camino A Chinquihue Km. 6, Puerto Montt",Puerto Montt,,
700,20.0,10034,"TRANS ANTARTIC, PESQUERA LTDA.","Camino A Chinquihue Km. 6, Puerto Montt",Puerto Montt,,
701,120.0,10034,"TRANS ANTARTIC, PESQUERA LTDA.","Camino A Chinquihue Km. 6, Puerto Montt",Puerto Montt,,
702,40.0,10034,"TRANS ANTARTIC, PESQUERA LTDA.","Camino A Chinquihue Km. 6, Puerto Montt",Puerto Montt,,
703,330.0,10034,"TRANS ANTARTIC, PESQUERA LTDA.","Camino A Chinquihue Km. 6, Puerto Montt",Puerto Montt,,
704,170.0,10034,"TRANS ANTARTIC, PESQUERA LTDA.","Camino A Chinquihue Km. 6, Puerto Montt",Puerto Montt,,
705,730.0,10034,"TRANS ANTARTIC, PESQUERA LTDA.","Camino A Chinquihue Km. 6, Puerto Montt",Puerto Montt,,
706,70.0,10034,"TRANS ANTARTIC, PESQUERA LTDA.","Camino A Chinquihue Km. 6, Puerto Montt",Puerto Montt,,
707,470.0,10034,"TRANS ANTARTIC, PESQUERA LTDA.","Camino A Chinquihue Km. 6, Puerto Montt",Puerto Montt,,
708,70.0,10034,"TRANS ANTARTIC, PESQUERA LTDA.","Camino A Chinquihue Km. 6, Puerto Montt",Puerto Montt,,
709,10.0,10034,"TRANS ANTARTIC, PESQUERA LTDA.","Camino A Chinquihue Km. 6, Puerto Montt",Puerto Montt,,
710,88.0,10034,"TRANS ANTARTIC, PESQUERA LTDA.","Camino A Chinquihue Km. 6, Puerto Montt",Puerto Montt,,
711,100.0,10034,"TRANS ANTARTIC, PESQUERA LTDA.","Camino A Chinquihue Km. 6, Puerto Montt",Puerto Montt,,
712,883.575,10034,"TRANS ANTARTIC, PESQUERA LTDA.","Camino A Chinquihue Km. 6, Puerto Montt",Puerto Montt,,
713,270.0,10034,"TRANS ANTARTIC, PESQUERA LTDA.","Camino A Chinquihue Km. 6, Puerto Montt",Puerto Montt,,
714,390.0,10034,"TRANS ANTARTIC, PESQUERA LTDA.","Camino A Chinquihue Km. 6, Puerto Montt",Puerto Montt,,
715,1340.0,10034,"TRANS ANTARTIC, PESQUERA LTDA.","Camino A Chinquihue Km. 6, Puerto Montt",Puerto Montt,,
716,22.0,10034,"TRANS ANTARTIC, PESQUERA LTDA.","Camino A Chinquihue Km. 6, Puerto Montt",Puerto Montt,,
717,44.0,10034,"TRANS ANTARTIC, PESQUERA LTDA.","Camino A Chinquihue Km. 6, Puerto Montt",Puerto Montt,,
718,96.0,10034,"TRANS ANTARTIC, PESQUERA LTDA.","Camino A Chinquihue Km. 6, Puerto Montt",Puerto Montt,,
719,50.0,10034,"TRANS ANTARTIC, PESQUERA LTDA.","Camino A Chinquihue Km. 6, Puerto Montt",Puerto Montt,,
720,430.0,10034,"TRANS ANTARTIC, PESQUERA LTDA.","Camino A Chinquihue Km. 6, Puerto Montt",Puerto Montt,,
721,144.0,10034,"TRANS ANTARTIC, PESQUERA LTDA.","Camino A Chinquihue Km. 6, Puerto Montt",Puerto Montt,,
722,69.0,10034,"TRANS ANTARTIC, PESQUERA LTDA.","Camino A Chinquihue Km. 6, Puerto Montt",Puerto Montt,,
723,90.0,10034,"TRANS ANTARTIC, PESQUERA LTDA.","Camino A Chinquihue Km. 6, Puerto Montt",Puerto Montt,,
724,40.0,10034,"TRANS ANTARTIC, PESQUERA LTDA.","Camino A Chinquihue Km. 6, Puerto Montt",Puerto Montt,,
725,44.0,10034,"TRANS ANTARTIC, PESQUERA LTDA.","Camino A Chinquihue Km. 6, Puerto Montt",Puerto Montt,,
726,190.0,10034,"TRANS ANTARTIC, PESQUERA LTDA.","Camino A Chinquihue Km. 6, Puerto Montt",Puerto Montt,,
727,300.0,10034,"TRANS ANTARTIC, PESQUERA LTDA.","Camino A Chinquihue Km. 6, Puerto Montt",Puerto Montt,,
728,20.0,10034,"TRANS ANTARTIC, PESQUERA LTDA.","Camino A Chinquihue Km. 6, Puerto Montt",Puerto Montt,,
729,140.0,10034,"TRANS ANTARTIC, PESQUERA LTDA.","Camino A Chinquihue Km. 6, Puerto Montt",Puerto Montt,,
730,55.0,10034,"TRANS ANTARTIC, PESQUERA LTDA.","Camino A Chinquihue Km. 6, Puerto Montt",Puerto Montt,,
731,2794.0,10034,"TRANS ANTARTIC, PESQUERA LTDA.","Camino A Chinquihue Km. 6, Puerto Montt",Puerto Montt,,
732,1.9,10797,"ULLOA AMPUERO, RENE ALEJANDRO","Pisagua S/n, Carelmapu, Maullin, X Region",Maullin,-73.708333,-41.744444
